User ID;Category 1;Category 2;Category 3;Category 4;Category 5;Category 6;Category 7;Category 8;Category 9;Category 10
User 1;0.93;1.Aðu;Þub.29;0.62;0.8;Þub.42;Mar.19;Þub.79;Oca.82;Þub.42
User 2;1.Þub;2.Þub;Þub.66;0.64;Oca.42;Mar.18;Mar.21;Þub.63;Oca.86;Þub.32
User 3;Oca.22;0.8;0.54;0.53;0.24;Oca.54;Mar.18;2.Aðu;Oca.31;2.May
User 4;0.45;1.Aðu;0.29;0.57;0.46;Oca.52;Mar.18;Þub.96;Oca.57;Þub.86
User 5;0.51;1.Þub;Oca.18;0.57;Oca.54;2.Þub;Mar.18;Þub.78;Oca.18;Þub.54
User 6;0.99;Oca.28;0.72;0.27;0.74;Oca.26;Mar.17;Þub.89;Oca.66;Mar.66
User 7;0.9;Oca.36;0.26;0.32;0.86;Oca.58;Mar.17;Þub.66;Oca.22;Mar.22
User 8;0.74;1.Nis;0.22;0.41;0.82;1.May;Mar.17;Þub.81;Oca.54;Þub.88
User 9;1.Ara;Oca.76;1.Nis;0.64;0.82;Þub.14;Mar.18;Þub.79;Oca.41;Þub.54
User 10;0.7;Oca.36;0.22;0.26;1.May;Oca.54;Mar.17;Þub.82;Þub.24;3.Ara
User 11;Oca.47;1;0.7;0.75;Oca.66;Þub.76;Mar.18;Þub.89;Oca.66;Þub.62
User 12;0.96;Þub.96;0.29;0.38;0.88;2.Aðu;Mar.17;Þub.93;Oca.66;Mar.42
User 13;0.74;Oca.44;Þub.75;0.45;0.98;Oca.74;3.Þub;Þub.87;Oca.38;Þub.34
User 14;0.58;Oca.64;Þub.27;0.45;Oca.26;Oca.72;Mar.19;Þub.91;2.Mar;Þub.74
User 15;0.96;Oca.68;Þub.29;0.51;1.Þub;Þub.84;3.Þub;Þub.82;2.Þub;Þub.46
User 16;Oca.25;Þub.52;Oca.76;0.5;Oca.46;2.Aðu;Mar.19;Þub.74;Oca.41;Þub.32
User 17;0.86;1.Nis;Oca.76;0.34;0.06;1.Oca;Mar.18;Þub.73;Oca.15;Þub.98
User 18;0.61;Oca.96;Þub.49;0.66;Oca.34;Oca.78;3.Þub;3.Nis;Oca.15;Þub.42
User 19;0.67;Oca.36;Oca.36;0.38;0.82;Mar.38;Mar.18;Þub.86;Oca.79;2.Aðu
User 20;0.8;1.Nis;2.Oca;0.58;Oca.18;Oca.98;Mar.19;Þub.93;Oca.22;Þub.48
User 21;0.86;Oca.44;1.Ara;0.41;1.Þub;Þub.18;Mar.18;2.Tem;1.Haz;Þub.94
User 22;0.96;Oca.44;0.14;0.42;1.Haz;2.Aðu;Mar.17;Þub.74;Oca.15;Mar.22
User 23;0.93;Oca.16;0.29;0.41;1.Þub;Oca.36;Mar.16;Þub.74;Oca.34;Mar.66
User 24;0.54;Oca.44;0.3;0.41;1.Þub;Oca.46;Mar.17;Þub.71;Oca.73;3.Nis
User 25;Oca.22;0.96;Oca.15;0.54;1.Oca;2.Þub;Mar.18;Þub.77;Oca.92;Þub.46
User 26;0.61;Þub.84;2.Aðu;0.48;0.56;Oca.52;Mar.19;Þub.54;1.Haz;Þub.54
User 27;0.77;Oca.68;Þub.24;0.75;Oca.28;Þub.64;Mar.19;Þub.57;Oca.34;Þub.38
User 28;0.99;Oca.28;Oca.22;0.59;0.94;1.Eyl;Mar.18;Þub.79;Oca.22;2.Nis
User 29;0.58;1.Þub;0.18;0.38;0.54;0.76;Mar.17;Þub.69;Oca.63;Þub.94
User 30;0.64;Oca.16;3.Ara;0.45;Oca.84;Mar.16;3.Þub;Þub.75;Oca.54;Þub.46
User 31;0.74;Oca.28;Þub.14;0.5;0.94;Þub.26;3.Þub;Þub.78;1.May;Þub.34
User 32;0.7;Þub.24;Þub.32;0.63;0.72;2.Ara;Mar.19;Þub.65;Oca.28;Þub.42
User 33;0.64;2;1.Haz;0.41;2.Aðu;Þub.22;Mar.19;2.Aðu;Oca.76;Þub.72
User 34;1.Haz;1.Ara;0.21;0.58;0.98;2.May;Mar.18;2.Eyl;Oca.92;Þub.74
User 35;0.96;Oca.16;0.45;0.29;0.98;Oca.42;Mar.18;Þub.94;2.Þub;3.Þub
User 36;0.88;0.96;Oca.18;0.43;0.74;Oca.52;Mar.18;3.Oca;Oca.63;Þub.94
User 37;0.7;Oca.28;Oca.15;0.32;0.4;1.Oca;Mar.18;Þub.78;Oca.76;2.Eyl
User 38;1.Þub;Oca.36;0.91;0.5;0.72;Oca.22;Mar.18;Þub.91;Oca.92;3.Þub
User 39;0.7;Oca.52;Þub.37;0.62;0.86;Oca.68;3.Þub;Þub.86;1.Haz;Þub.58
User 40;Oca.38;1.Aðu;0.18;0.62;0.14;Oca.46;Mar.18;Þub.88;Oca.66;Þub.42
User 41;0.99;Oca.24;0.15;0.24;Oca.38;Oca.98;Mar.17;Þub.61;1.Þub;3.Haz
User 42;0.58;Oca.48;0.19;0.41;0.5;0.98;Mar.16;Þub.74;Oca.57;Mar.38
User 43;0.67;Oca.24;0.61;0.24;1.Haz;1.Eyl;Mar.18;Þub.82;Oca.25;Þub.88
User 44;1.Þub;2;0.42;0.56;0.46;2.Haz;Mar.18;Þub.86;2.May;Þub.66
User 45;0.64;Oca.64;0.34;0.62;0.64;Þub.22;Mar.18;3.Oca;Oca.98;2.Aðu
User 46;1.Tem;1.Nis;0.61;0.39;0.7;Oca.46;Mar.17;2.Eyl;Oca.82;Mar.38
User 47;0.38;1.Aðu;0.77;0.34;1.Haz;Oca.46;Mar.18;Mar.15;Þub.18;Mar.22
User 48;0.9;1.Þub;Oca.24;0.35;0.88;Oca.86;Mar.18;Þub.86;Oca.47;Þub.94
User 49;0.45;Þub.96;0.26;0.4;0.56;Oca.68;Mar.18;2.Eyl;Oca.44;Þub.72
User 50;0.61;1.Aðu;Þub.22;0.65;1.Þub;2.Haz;Mar.19;Þub.62;Oca.31;Þub.34
User 51;1.Þub;1.Þub;0.3;0.38;1.Oca;1.Eyl;Mar.17;Þub.93;Oca.34;Mar.42
User 52;0.42;Oca.48;2.Haz;0.48;0.96;1.Nis;Mar.18;Þub.71;Oca.76;Þub.86
User 53;0.8;Oca.88;0.66;0.47;Þub.54;Þub.18;Mar.18;Þub.59;Oca.89;3.Þub
User 54;1.Þub;0.64;1.Ara;0.51;0.8;Oca.82;Mar.18;Þub.82;1.May;Þub.56
User 55;1.Þub;1.Þub;0.37;0.58;0.54;1.Tem;Mar.17;Þub.78;Oca.66;Mar.42
User 56;0.61;Oca.68;0.46;0.37;0.86;1.Oca;Mar.17;Þub.94;Oca.31;3.Ara
User 57;0.8;Oca.16;Þub.43;0.54;1.Haz;Þub.28;Mar.19;Þub.86;Oca.44;Þub.48
User 58;0.93;Oca.48;0.78;0.39;0.7;1.Tem;Mar.18;Þub.82;Oca.41;Þub.88
User 59;0.64;1.Þub;Þub.27;0.64;Oca.42;Þub.83;3.Þub;Þub.79;Oca.47;Þub.38
User 60;0.83;1.Nis;Oca.23;0.64;1.Þub;Þub.54;Mar.18;Þub.81;1.Haz;Þub.54
User 61;1.Haz;Oca.92;3.Kas;0.55;Oca.46;Mar.24;3.Þub;Þub.62;Oca.28;Þub.34
User 62;Oca.98;0.96;0.18;0.45;0.16;0.82;Mar.18;3.Mar;1.Þub;Þub.78
User 63;0.9;1.Ara;0.22;0.45;0.32;1.Oca;Mar.18;Þub.82;2.Aðu;Þub.96
User 64;0.51;1.Haz;0.37;0.42;0.48;Oca.36;Mar.18;3.Oca;Oca.34;3.Nis
User 65;Oca.41;1.Ara;0.68;0.37;Oca.14;Oca.76;Mar.18;2.Eyl;1.May;3.Oca
User 66;Oca.47;0.72;0.53;0.62;0.48;1.Eyl;Mar.18;Þub.78;Oca.63;Þub.88
User 67;0.99;Oca.28;Þub.32;0.43;0.16;1.Haz;Mar.18;Þub.79;1.Eyl;Mar.34
User 68;0.93;1;0.61;0.5;0.8;Oca.52;Mar.18;Þub.77;Oca.28;Þub.94
User 69;0.51;1.Aðu;Oca.92;0.34;1.Nis;1.Mar;Mar.18;2.Aðu;1.Eyl;Þub.88
User 70;0.54;Oca.44;0.72;0.48;0.7;Oca.36;Mar.18;Þub.74;1.May;Þub.54
User 71;1.Haz;0.8;0.38;0.67;0.5;1.May;Mar.18;Þub.82;Oca.28;Þub.46
User 72;0.83;1.Nis;Þub.94;0.96;0.88;Oca.86;3.Þub;Þub.82;Oca.25;Þub.34
User 73;0.74;Þub.24;0.14;0.47;Oca.22;Oca.88;Mar.17;Þub.81;Oca.98;Þub.58
User 74;0.9;1.Aðu;Þub.48;0.41;0.82;Oca.78;Mar.18;Þub.83;Oca.41;Mar.46
User 75;Oca.31;Oca.36;Oca.47;0.56;0.78;2;Mar.19;Þub.86;Oca.63;Þub.42
User 76;0.99;Þub.96;Oca.71;0.45;Oca.36;Oca.96;Mar.19;Þub.69;Oca.38;Þub.32
User 77;Oca.28;1.Ara;1.Nis;0.42;0.7;1.Mar;Mar.18;Þub.81;Oca.86;Mar.36
User 78;0.8;Oca.76;Þub.53;0.65;1.Nis;Þub.22;Mar.19;Þub.79;Oca.63;Þub.46
User 79;0.83;1.Aðu;0.67;0.35;0.54;1.Haz;Mar.17;Þub.78;Oca.25;3.Haz
User 80;0.7;1.Nis;0.19;0.47;0.78;Þub.42;Mar.17;2.Tem;1.Ara;Þub.98
User 81;2.Aðu;0.92;0.8;0.4;0.54;1.Tem;Mar.17;3.Tem;Oca.54;Mar.42
User 82;0.74;Oca.32;0.93;0.46;0.66;Oca.82;Mar.18;Þub.83;Oca.86;Þub.54
User 83;0.7;Oca.52;0.45;Oca.65;0.32;0.86;Mar.17;Þub.62;2.May;3.Nis
User 84;Oca.25;0.92;0.86;0.58;0.66;Oca.98;Mar.18;Þub.88;1.Ara;Þub.66
User 85;Oca.92;0.28;1.Ara;0.5;0.88;Oca.96;Mar.18;Þub.96;Oca.86;Þub.58
User 86;0.74;Oca.84;0.24;0.34;0.8;Oca.66;Mar.17;Þub.87;1.May;Mar.34
User 87;0.7;0.76;0.72;1.Oca;0.42;Oca.54;Mar.18;Þub.69;Oca.41;Þub.56
User 88;0.64;1.Aðu;0.19;0.39;0.5;0.9;Mar.17;Þub.79;Oca.18;3.Ara
User 89;0.64;Þub.36;0.14;Oca.68;1.Þub;Oca.76;Mar.18;Þub.71;Oca.22;Þub.42
User 90;0.67;2.Aðu;1.Nis;0.54;0.74;Oca.64;Mar.18;Þub.86;Oca.57;Þub.64
User 91;Oca.38;1.Ara;0.72;0.53;0.88;Oca.36;Mar.18;Þub.81;Oca.79;Mar.26
User 92;0.56;Oca.16;0.13;0.49;0.54;0.9;Mar.17;Þub.91;Oca.54;Þub.64
User 93;1.Oca;2.Nis;Þub.45;0.54;Oca.44;Þub.28;Mar.19;Þub.74;Oca.63;Þub.42
User 94;0.64;1.Þub;Þub.27;0.64;Oca.42;Þub.83;3.Þub;Þub.79;Oca.47;Þub.38
User 95;0.99;2;Þub.13;0.64;Oca.82;2.Haz;Mar.19;Þub.67;1.May;Þub.46
User 96;1.Ara;0.96;0.3;0.46;0.56;Oca.92;Mar.18;Þub.98;Oca.22;Þub.94
User 97;0.9;Oca.44;Þub.34;0.55;0.94;Þub.14;Mar.19;Þub.79;Oca.79;Þub.82
User 98;0.9;0.56;Oca.38;0.37;0.8;1.Eyl;Mar.18;Þub.91;Oca.41;Þub.54
User 99;1.Þub;0.88;Þub.67;0.53;1.Þub;Oca.78;Mar.19;Þub.86;Þub.14;Þub.78
User 100;0.67;1.Haz;0.21;0.47;Þub.16;Oca.96;Mar.17;Þub.86;3.Nis;3.Oca
User 101;0.9;0.96;0.38;0.5;0.78;2.Oca;Mar.18;2.Eyl;Oca.79;Þub.82
User 102;0.64;1.Ara;0.4;0.37;0.64;1.Ara;Mar.18;Þub.94;Oca.76;3.Haz
User 103;0.99;2.Ara;Oca.41;0.65;0.96;Þub.94;Mar.19;Þub.82;Oca.41;Þub.42
User 104;0.88;1.Þub;0.16;0.45;0.5;1;Mar.18;Þub.67;Oca.79;Þub.86
User 105;Oca.47;0.84;0.64;0.39;0.32;Oca.18;Mar.17;2.Eyl;Oca.73;Mar.46
User 106;0.86;0.88;Þub.85;0.39;0.42;Oca.54;3.Þub;Þub.73;1.Tem;Þub.46
User 107;1.Tem;0.56;0.93;0.53;1.Mar;Þub.62;Mar.18;Þub.94;Þub.27;Þub.74
User 108;0.99;1.Þub;0.38;0.43;0.8;1.Oca;Mar.16;Þub.74;Oca.15;Mar.42
User 109;Oca.76;0.04;0.43;0.39;1.May;Oca.62;Mar.17;2.Aðu;0.96;Mar.18
User 110;0.8;Þub.16;1.Ara;0.53;Oca.54;Þub.34;Mar.18;Þub.83;Þub.24;Þub.78
User 111;0.9;1.Aðu;Oca.25;0.67;0.86;Oca.86;Mar.19;Þub.96;Þub.46;Þub.98
User 112;0.9;1.Aðu;Oca.65;0.34;0.7;Oca.44;Mar.18;Þub.85;Oca.15;Þub.86
User 113;0.9;Oca.84;0.51;0.66;1.Nis;Oca.78;Mar.18;Þub.79;Oca.86;Þub.54
User 114;0.35;Oca.36;Oca.41;0.49;1.Oca;1.May;Mar.18;3.Nis;Oca.28;Þub.48
User 115;0.83;1.Nis;Þub.94;0.96;0.88;Oca.86;3.Þub;Þub.82;Oca.25;Þub.34
User 116;Oca.15;Oca.28;0.18;0.61;0.7;2.Mar;Mar.18;3.Oca;Oca.73;Þub.34
User 117;0.64;Oca.72;Oca.25;0.51;0.72;2.Nis;Mar.19;Þub.83;Oca.76;2.Nis
User 118;0.61;Oca.32;0.78;0.54;1.Ara;Oca.74;Mar.18;Þub.78;Oca.79;Þub.94
User 119;0.54;1.Þub;Oca.17;0.45;1.Nis;Oca.38;Mar.18;Þub.58;Oca.82;Þub.94
User 120;1.Haz;1.Haz;1.Oca;0.43;0.86;Oca.84;Mar.18;2.Tem;0.96;Mar.18
User 121;0.86;Oca.96;Oca.25;0.56;Oca.66;2.Eyl;Mar.18;Þub.82;Oca.44;2.May
User 122;0.77;1.Nis;0.26;0.66;Oca.42;2;Mar.18;Þub.82;1.Haz;Þub.64
User 123;0.93;Þub.68;1.Mar;0.42;Oca.42;Þub.22;Mar.19;Þub.58;Oca.31;Þub.38
User 124;Oca.98;0.48;0.75;0.69;0.88;Þub.62;Mar.18;Þub.86;Oca.54;Þub.38
User 125;0.74;Oca.52;Oca.38;0.59;1.Oca;2;Mar.18;Þub.72;Oca.47;Þub.74
User 126;0.64;Oca.36;0.19;0.46;0.78;Oca.58;Mar.18;Þub.79;Oca.31;Þub.82
User 127;0.51;Oca.44;0.42;0.33;0.74;1.Mar;Mar.18;Þub.77;Oca.18;Þub.98
User 128;1.Haz;Oca.68;1.Þub;0.66;0.72;2.Þub;Mar.18;Þub.81;Oca.41;Þub.56
User 129;1.Eyl;Oca.48;0.99;0.35;1.Ara;Oca.78;Mar.17;Þub.89;Oca.31;Mar.34
User 130;0.54;1.Þub;0.45;0.39;0.88;Oca.66;Mar.18;2.Tem;Oca.57;Þub.78
User 131;0.9;0.88;Oca.52;0.46;0.8;Oca.48;Mar.18;Þub.71;0.99;Þub.88
User 132;0.83;Oca.68;Oca.14;0.51;Oca.66;Þub.78;Mar.18;Þub.85;1.Tem;Þub.54
User 133;0.93;Oca.64;Oca.73;0.55;Oca.46;Oca.98;Mar.18;Þub.74;Oca.89;Þub.94
User 134;0.38;Oca.28;Oca.54;0.62;1.Tem;Þub.16;Mar.18;3.Þub;Oca.31;2.May
User 135;0.51;Oca.64;0.27;0.3;0.78;Oca.86;Mar.17;Þub.69;2.May;Mar.34
User 136;0.8;0.96;0.73;0.61;1.Oca;Þub.82;Mar.18;Þub.99;Þub.14;Þub.54
User 137;Oca.15;Oca.72;Oca.62;0.61;0.78;Oca.94;Mar.19;3.Þub;Oca.47;Þub.54
User 138;0.51;Oca.16;Oca.66;0.53;Oca.58;1.Eyl;Mar.18;Þub.85;Oca.28;Þub.88
User 139;0.96;1.Nis;0.74;0.37;0.86;Oca.98;Mar.18;2.Aðu;Oca.44;3.Haz
User 140;1.Eyl;Oca.32;0.74;0.39;0.5;1.Haz;Mar.18;3.Oca;Oca.86;3.Þub
User 141;0.74;Oca.28;0.26;0.3;Oca.14;Oca.96;Mar.17;Þub.93;Oca.73;Mar.34
User 142;0.8;1.Ara;0.19;0.46;0.82;Oca.48;Mar.18;Þub.82;1.Tem;Þub.96
User 143;0.86;Oca.96;0.61;0.42;Oca.22;Oca.86;Mar.17;2.Tem;Oca.22;3.Oca
User 144;0.61;1.Nis;0.34;0.45;0.22;1.Eyl;Mar.18;Þub.71;Þub.37;Þub.62
User 145;0.9;1.Nis;0.19;0.59;1.Nis;Oca.88;Mar.17;3.Haz;Þub.21;3.Þub
User 146;0.96;Þub.96;0.29;0.38;0.88;2.Aðu;Mar.17;Þub.93;Oca.66;Mar.42
User 147;1.Eyl;0.6;0.19;0.61;Oca.62;Þub.44;Mar.18;Þub.74;Oca.38;Þub.46
User 148;0.8;Oca.24;Oca.98;0.67;Oca.38;Þub.42;Mar.19;3.Ara;1.May;Þub.62
User 149;0.86;Oca.28;1.Oca;0.55;Oca.26;2.Ara;Mar.18;Þub.86;Oca.92;Þub.94
User 150;0.77;Oca.52;Oca.33;0.51;Oca.34;Þub.46;Mar.18;2.Aðu;1.Haz;Þub.54
User 151;Oca.18;1.Ara;1.Oca;0.39;1.Þub;2.Þub;Mar.18;Þub.93;Oca.47;3.Oca
User 152;0.74;Oca.64;0.18;0.55;0.94;2;Mar.18;Þub.74;1.May;Þub.98
User 153;0.64;1.Haz;0.21;0.54;0.62;Oca.22;Mar.18;Þub.85;Oca.44;Þub.66
User 154;0.64;Oca.56;0.22;0.57;0.5;2.Þub;Mar.18;Þub.66;Oca.34;Þub.78
User 155;1.Eyl;Oca.44;0.22;0.37;0.34;Oca.94;Mar.18;Þub.73;Oca.66;Þub.62
User 156;1.Þub;Oca.16;Oca.22;0.29;0.94;Oca.66;Mar.18;2.Aðu;2.Aðu;Mar.42
User 157;0.9;Oca.64;0.32;0.5;Oca.34;2.Þub;Mar.18;3.Haz;Oca.57;Þub.86
User 158;2.May;1.Ara;0.7;0.37;0.5;1.Nis;Mar.17;Þub.77;Oca.98;Mar.44
User 159;Oca.18;2.Nis;Oca.89;0.5;Oca.66;Þub.18;Mar.19;Þub.83;Oca.41;Þub.34
User 160;1.Haz;Oca.76;1.Þub;0.27;0.24;Oca.16;Mar.18;Þub.63;Oca.28;Mar.36
User 161;0.58;1.Ara;Oca.57;0.45;0.78;1.May;Mar.18;Þub.77;Oca.44;2.Eyl
User 162;Oca.15;1.Aðu;0.51;0.37;0.34;0.98;Mar.17;Þub.58;Þub.21;Mar.36
User 163;0.9;Oca.84;0.51;0.66;1.Nis;Oca.78;Mar.18;Þub.79;Oca.86;Þub.54
User 164;0.7;Oca.28;0.93;0.47;0.54;Oca.58;Mar.18;Þub.82;Oca.76;Þub.98
User 165;0.8;Oca.16;1.Eyl;0.23;0.82;1.May;Mar.18;Þub.78;0.93;Þub.88
User 166;0.9;Oca.64;0.21;0.5;0.3;Oca.68;Mar.18;Þub.91;Oca.44;Þub.74
User 167;0.7;0.8;Þub.56;0.5;1.Oca;1.May;Mar.19;Þub.86;Oca.47;Þub.38
User 168;0.61;1.Nis;0.83;0.46;0.82;Oca.86;Mar.18;2.Eyl;Þub.18;Þub.54
User 169;0.67;2.Nis;Þub.82;0.51;0.9;Oca.66;3.Þub;Þub.85;1.May;Þub.34
User 170;0.7;Oca.28;Oca.49;0.46;0.58;Oca.46;Mar.18;Þub.97;Oca.73;Þub.86
User 171;0.93;Oca.16;0.26;0.51;Oca.42;2.Nis;Mar.18;Þub.97;Þub.18;2.Aðu
User 172;1.Eyl;0.4;0.45;0.48;0.7;1.Haz;Mar.18;Þub.98;Oca.22;Þub.48
User 173;0.74;Oca.96;0.14;0.65;0.4;0.98;Mar.18;Þub.73;Oca.22;Þub.78
User 174;1.Haz;Oca.28;0.22;0.49;0.74;Oca.24;Mar.17;Þub.94;1.Haz;Mar.28
User 175;0.96;1.Aðu;0.8;0.66;0.72;2.Þub;Mar.18;Þub.86;Oca.57;Mar.26
User 176;0.42;Oca.88;0.26;1.May;1.Haz;2.Oca;Mar.18;Þub.86;Oca.15;Þub.62
User 177;1.Þub;Oca.16;0.78;0.41;1.Oca;2;Mar.18;3.Oca;Oca.38;Mar.26
User 178;0.99;1.Aðu;0.93;0.41;0.62;Oca.46;Mar.18;Þub.97;Oca.73;Þub.94
User 179;0.7;0.96;0.22;0.47;0.46;2.Ara;Mar.18;Þub.89;1.Tem;Þub.98
User 180;0.77;Oca.24;0.21;0.54;0.88;Oca.42;Mar.18;Þub.86;Oca.76;Þub.88
User 181;0.58;Oca.44;0.19;0.53;0.24;0.94;Mar.18;Mar.29;Þub.18;2.Eyl
User 182;0.8;1.Þub;Oca.25;0.43;Oca.78;Þub.62;Mar.18;Þub.75;1.Haz;2.Tem
User 183;Oca.28;Oca.48;Oca.42;0.61;0.96;Oca.98;Mar.18;Þub.81;1.Haz;Þub.48
User 184;Oca.38;1.Ara;1.Aðu;0.37;0.82;Oca.16;Mar.18;Þub.69;Oca.22;3.Mar
User 185;1.Haz;1.Nis;2.May;0.56;Oca.78;2.Aðu;3.Þub;Þub.72;Þub.18;Þub.54
User 186;0.96;1.Þub;0.36;0.43;0.22;2.Aðu;Mar.18;Þub.85;Oca.98;Þub.64
User 187;0.58;1.Ara;0.27;0.47;Oca.42;Þub.14;Mar.18;Þub.78;Oca.44;Þub.72
User 188;Oca.41;Oca.32;0.19;0.56;0.32;Oca.56;Mar.18;3.Tem;Oca.41;3.Haz
User 189;1.Þub;1.Nis;Oca.33;0.61;0.86;2.Nis;Mar.19;Þub.89;Oca.63;Þub.46
User 190;0.93;0.6;0.18;0.33;0.32;1.Oca;Mar.17;Þub.94;Oca.28;3.Nis
User 191;0.51;1.Aðu;Þub.48;0.57;0.66;1.Aðu;Mar.19;Þub.58;Oca.38;Þub.32
User 192;0.83;Oca.32;Oca.89;0.65;Oca.28;1.Tem;Mar.19;Þub.75;Oca.76;Þub.66
User 193;1.Tem;0.64;0.43;0.41;0.9;1.Tem;Mar.16;Þub.85;1.Tem;Mar.52
User 194;0.9;Oca.56;0.22;0.35;Oca.26;Oca.96;Mar.16;Þub.74;2.May;Mar.44
User 195;0.34;Oca.16;0.18;0.4;Oca.18;Oca.86;Mar.18;Þub.82;Oca.76;Þub.86
User 196;0.8;1;0.22;0.34;0.94;1.Nis;Mar.17;Þub.94;Oca.41;Þub.96
User 197;0.7;1.Nis;Oca.41;0.31;0.62;1.May;Mar.18;Þub.65;Oca.31;3.Nis
User 198;Oca.28;0.68;2.Haz;0.38;Oca.58;Þub.48;Mar.19;Þub.74;Oca.57;2.May
User 199;0.64;Oca.48;0.99;0.31;0.64;1.Mar;Mar.18;3.Oca;Oca.57;Mar.26
User 200;Oca.25;Þub.16;0.22;Oca.79;0.9;Oca.76;Mar.18;Þub.77;1.Tem;2.Nis
User 201;1.Haz;Oca.28;2.May;0.62;Oca.66;3.Þub;Mar.19;Þub.89;Oca.79;Þub.78
User 202;1.Ara;Oca.56;0.38;0.55;0.66;2.Oca;Mar.18;Þub.85;Oca.73;Þub.96
User 203;0.7;0.92;Þub.77;0.54;0.98;Oca.58;3.Þub;Þub.74;Oca.47;Þub.34
User 204;1.Haz;1.Ara;0.22;0.39;0.7;Oca.46;Mar.18;Þub.91;Oca.82;Þub.82
User 205;0.83;0.88;0.82;0.42;0.62;Oca.74;Mar.18;Þub.93;1.Þub;2.Tem
User 206;0.99;2.Aðu;0.27;0.33;0.14;0.82;Mar.18;Þub.73;Oca.38;Þub.78
User 207;0.99;Oca.28;0.19;0.27;0.54;Þub.22;Mar.18;Þub.71;Oca.73;Þub.62
User 208;0.8;0.84;0.24;0.5;0.56;Oca.44;Mar.18;Þub.94;Oca.89;Þub.94
User 209;0.77;0.88;Oca.71;0.48;0.7;1.Aðu;Mar.18;Þub.54;Oca.15;Þub.58
User 210;1.Haz;1.Ara;0.98;0.21;1.Oca;Oca.38;Mar.17;Þub.88;1.Þub;Mar.26
User 211;0.54;Oca.44;Oca.31;0.32;Oca.18;Oca.48;Mar.18;Þub.79;Oca.31;3.Mar
User 212;0.93;Oca.36;Oca.94;0.34;0.9;Þub.36;Mar.19;Þub.78;1.May;Þub.82
User 213;0.83;2.Nis;0.42;0.51;0.7;2.Ara;Mar.18;Þub.66;1.Haz;Þub.98
User 214;0.51;Oca.32;0.24;0.38;0.42;1.Mar;Mar.18;Þub.79;Oca.34;Þub.58
User 215;0.61;Oca.56;0.16;0.37;0.38;0.94;Mar.17;Þub.94;Oca.22;Mar.46
User 216;0.7;Oca.28;Oca.66;0.49;Oca.68;Þub.68;Mar.19;Þub.77;1.Tem;Þub.54
User 217;0.61;Oca.52;0.18;0.26;0.8;1.Nis;Mar.17;Þub.77;Oca.22;3.Nis
User 218;0.9;1.Þub;0.5;0.45;0.64;Oca.54;Mar.18;Þub.71;Oca.38;2.Mar
User 219;1.Þub;0.72;1.Þub;0.47;1.Eyl;Þub.98;Mar.18;Þub.79;Oca.31;Þub.38
User 220;0.9;0.88;2.May;0.45;Oca.36;2;Mar.18;Þub.87;Oca.38;Þub.86
User 221;0.77;1.Aðu;0.29;0.58;Oca.38;Þub.54;Mar.18;Þub.87;1.Haz;Þub.88
User 222;Oca.25;1.Ara;Oca.47;0.41;0.26;Oca.22;Mar.18;Þub.73;1.Ara;Mar.22
User 223;Oca.15;Þub.32;2.Nis;0.5;1.Ara;Oca.54;Mar.19;2.Aðu;Oca.63;2.Nis
User 224;0.93;Oca.32;0.14;0.47;0.54;Oca.56;Mar.17;Þub.86;1.Haz;3.Nis
User 225;0.61;1.Þub;2.May;0.61;1.Mar;3.Haz;Mar.19;Þub.79;Oca.57;Þub.42
User 226;1.Þub;Oca.96;0.27;0.35;Oca.18;Oca.46;Mar.17;Þub.73;Oca.47;Mar.34
User 227;0.9;Þub.24;0.27;Oca.78;1.Mar;Oca.42;Mar.18;Þub.75;Oca.18;Þub.46
User 228;0.67;1.Þub;Oca.39;0.41;Oca.26;1.Tem;Mar.18;Þub.82;Oca.25;Þub.82
User 229;0.54;Þub.96;0.58;0.57;0.78;1.Tem;Mar.18;Þub.91;Oca.28;3.Mar
User 230;0.61;1.Nis;Oca.98;0.55;Oca.34;Oca.96;Mar.19;Þub.94;Oca.15;Þub.38
User 231;0.61;1;0.22;0.58;1.Oca;Oca.42;Mar.18;Mar.14;2.Kas;2.Aðu
User 232;0.58;Oca.44;2.Oca;0.64;Oca.92;Þub.18;3.Þub;3.Nis;1.Ara;Þub.42
User 233;0.83;Oca.96;0.51;0.31;0.74;Oca.16;Mar.18;2.Tem;1.Þub;3.Þub
User 234;0.48;Oca.96;0.24;0.35;0.46;Oca.62;Mar.18;2.Tem;Oca.28;Þub.74
User 235;0.61;0.84;0.15;0.38;Þub.38;2.Ara;Mar.18;Þub.97;Oca.34;Þub.14
User 236;0.34;Oca.16;0.18;0.4;Oca.18;Oca.86;Mar.18;Þub.82;Oca.76;Þub.86
User 237;Oca.41;1.Aðu;Oca.34;0.65;1.Haz;Þub.14;Mar.18;Þub.81;Oca.15;Mar.14
User 238;0.58;Oca.84;0.22;0.73;0.98;Þub.14;Mar.18;Þub.99;Oca.44;Þub.96
User 239;0.96;0.88;1.Þub;0.64;Oca.18;Þub.24;Mar.18;Þub.78;1.Ara;2.Tem
User 240;2.Aðu;0.48;0.18;0.15;0.1;0.14;Mar.18;Þub.95;Oca.15;3.Haz
User 241;0.7;0.92;Þub.77;0.54;0.98;Oca.58;3.Þub;Þub.74;Oca.47;Þub.34
User 242;Oca.25;Þub.48;Oca.76;0.54;Oca.76;Þub.38;Mar.19;Þub.81;1.Haz;Þub.32
User 243;0.74;1.Haz;1.Þub;0.56;0.32;1.Þub;Mar.19;Þub.72;Þub.69;Þub.58
User 244;0.74;Oca.84;1.Þub;0.41;0.46;Oca.14;Mar.18;Þub.75;2.May;3.Ara
User 245;0.83;Oca.56;0.22;0.23;0.32;0.88;Mar.17;Þub.89;2.Nis;3.Þub
User 246;0.64;1.Þub;0.98;0.42;0.82;1.Haz;Mar.18;Þub.88;Oca.63;Þub.88
User 247;Oca.33;0.52;0.22;0.46;0.3;0.86;Mar.18;Þub.93;Oca.66;2.Aðu
User 248;1.May;Oca.96;2.Aðu;Þub.73;1.Ara;Þub.94;3.Þub;Þub.63;Oca.63;Þub.46
User 249;0.96;0.64;0.67;0.33;0.98;Oca.34;Mar.17;Þub.94;Oca.15;Mar.14
User 250;0.34;Oca.16;0.18;0.4;Oca.18;Oca.86;Mar.18;Þub.82;Oca.76;Þub.86
User 251;0.51;1;Oca.57;0.56;Oca.58;Oca.82;Mar.18;Þub.81;Oca.22;Þub.66
User 252;0.67;Oca.16;0.26;0.39;0.78;Oca.58;Mar.18;Þub.94;1.Haz;Þub.94
User 253;0.51;Oca.28;2;0.4;0.48;2.Aðu;Mar.19;Þub.56;Oca.15;2.Nis
User 254;0.58;1.Þub;2.May;0.71;0.5;Þub.28;Mar.19;Þub.66;Oca.66;2.Nis
User 255;0.61;2.Nis;0.64;0.42;0.16;Oca.62;Mar.18;Þub.59;Oca.89;Þub.78
User 256;1.Eyl;Oca.76;0.67;0.54;Oca.36;Oca.92;Mar.17;Þub.67;Þub.43;Mar.28
User 257;0.9;0.88;0.29;0.39;0.86;Oca.54;Mar.17;Þub.98;Oca.41;Mar.36
User 258;0.93;Oca.96;0.22;Oca.62;Oca.38;Oca.98;Mar.18;Þub.74;Oca.57;2.Nis
User 259;Þub.22;0.24;1.Eyl;0.48;0.24;1.Ara;Mar.18;3.Haz;Oca.41;Þub.72
User 260;0.61;Oca.32;Oca.62;0.72;Oca.68;Oca.78;Mar.18;Þub.54;Oca.31;Þub.42
User 261;0.77;0.72;1.Tem;0.53;0.88;Þub.14;Mar.19;Þub.85;Oca.79;Þub.62
User 262;0.96;Oca.44;1.Eyl;0.63;Oca.18;3.Ara;Mar.19;3.Oca;2.May;Þub.72
User 263;Oca.58;0.88;0.29;0.53;0.82;Oca.86;Mar.18;3.Þub;Oca.73;Þub.78
User 264;0.61;Oca.72;Oca.74;0.51;Oca.42;2.Haz;Mar.19;Mar.13;Þub.46;Þub.78
User 265;1.Haz;1.Þub;0.48;0.41;0.8;Oca.66;Mar.17;Þub.94;Oca.28;3.May
User 266;Oca.22;Oca.36;Oca.33;0.59;Oca.18;Þub.24;Mar.19;Þub.77;Oca.66;Þub.46
User 267;1.Ara;Oca.16;2.Mar;0.5;Oca.44;Þub.36;3.Þub;Þub.82;Oca.86;Þub.38
User 268;1.Eyl;Oca.96;Oca.17;0.59;0.8;Oca.94;Mar.19;Þub.82;Oca.95;Þub.72
User 269;0.45;1.Nis;0.22;0.45;0.64;1.Tem;Mar.18;Þub.64;Þub.18;Þub.78
User 270;0.77;Oca.52;Oca.28;0.48;1.May;2.May;Mar.18;Þub.86;Oca.47;Þub.46
User 271;0.8;Oca.64;0.29;0.42;Oca.38;2.Þub;Mar.17;Þub.93;Oca.25;Mar.26
User 272;0.58;Oca.28;Oca.15;0.54;0.46;Oca.46;Mar.18;3.Nis;Oca.41;Þub.78
User 273;0.7;1.Ara;Oca.92;0.64;Oca.82;1.Eyl;Mar.19;Þub.66;0.96;Þub.46
User 274;0.77;1.Haz;Þub.86;0.56;Oca.34;Þub.46;3.Þub;Þub.97;Oca.34;Þub.56
User 275;Oca.15;Oca.76;Oca.33;Þub.91;0.74;1.Eyl;Mar.18;Þub.78;Oca.38;Þub.72
User 276;0.93;1;0.22;0.38;0.8;Oca.52;Mar.16;Þub.74;Oca.38;Mar.52
User 277;0.83;Oca.68;Oca.55;0.5;0.8;Oca.86;Mar.18;Þub.82;1.May;Þub.42
User 278;0.83;Oca.24;0.38;0.49;Oca.54;Þub.38;Mar.18;3.Nis;Þub.18;Þub.82
User 279;1.Ara;Oca.56;0.14;0.48;0.4;0.82;Mar.18;Þub.63;0.9;Þub.78
User 280;0.99;0.36;0.22;0.46;1.May;Oca.94;Mar.18;Þub.83;Oca.47;Þub.66
User 281;Oca.15;Oca.28;Oca.68;0.51;0.94;1.Aðu;Mar.18;Þub.74;1.Haz;3.Oca
User 282;0.51;1.Þub;1.Tem;0.49;Oca.14;2.Nis;Mar.18;Mar.22;Oca.47;Þub.82
User 283;0.58;Oca.84;Þub.18;0.59;1.Þub;Oca.58;Mar.19;2.Aðu;1.Haz;Þub.66
User 284;0.74;Oca.28;Oca.36;0.66;Oca.26;Þub.48;Mar.18;Þub.83;Oca.28;Þub.64
User 285;0.9;Oca.52;0.32;0.59;0.62;2.Aðu;Mar.17;Þub.78;Oca.66;Þub.96
User 286;0.51;Oca.44;0.26;0.48;0.34;0.82;Mar.18;Þub.86;Oca.73;Þub.88
User 287;0.93;Oca.76;0.58;Þub.25;2;Þub.44;Mar.18;Þub.67;Oca.22;Þub.42
User 288;0.77;Oca.96;0.93;0.61;0.66;1.Haz;Mar.18;Þub.67;Mar.14;2.Aðu
User 289;Oca.18;1.Þub;0.99;0.46;1.Mar;Oca.86;Mar.17;Þub.82;0.86;Mar.62
User 290;0.96;Oca.32;0.56;0.42;0.98;2.Haz;Mar.17;Þub.82;Oca.18;3.Mar
User 291;1.Eyl;1.Ara;Þub.35;0.54;1.Mar;Þub.64;Mar.19;Þub.87;Oca.47;Þub.54
User 292;1.Eyl;Oca.16;0.35;0.41;0.66;Oca.34;Mar.17;Þub.72;Oca.41;Mar.14
User 293;0.67;Oca.52;0.35;0.3;1.Haz;Oca.38;Mar.18;Þub.89;Oca.28;Þub.96
User 294;0.77;0.76;0.8;0.49;0.46;Oca.34;Mar.18;Mar.26;Oca.82;Þub.66
User 295;0.58;1.Þub;0.18;0.38;0.54;0.76;Mar.17;Þub.69;Oca.63;Þub.94
User 296;0.67;0.84;0.82;1.Kas;0.56;1.Nis;Mar.18;Þub.73;Oca.47;Þub.56
User 297;0.7;Oca.28;0.26;0.51;1.Haz;1.Haz;Mar.18;Þub.65;Oca.41;2.Aðu
User 298;0.77;Oca.16;Oca.62;0.57;0.56;1.Nis;Mar.18;Þub.78;1.Ara;Þub.54
User 299;Oca.79;0.88;Oca.42;0.39;0.72;Oca.78;Mar.19;Þub.85;Oca.63;Þub.42
User 300;0.8;Oca.92;0.35;0.48;0.74;Þub.18;Mar.19;Þub.83;Oca.89;Þub.58
User 301;0.61;1.Ara;0.22;0.53;0.58;1.Þub;Mar.17;Þub.82;Oca.63;3.Ara
User 302;0.42;Oca.16;Þub.22;0.64;0.88;Oca.26;Mar.19;Þub.82;Oca.25;2.May
User 303;0.74;0.96;Þub.27;0.61;0.5;Oca.26;Mar.19;Þub.82;1.Haz;Þub.56
User 304;0.61;1.Nis;0.27;0.41;0.88;Oca.34;Mar.18;Þub.86;Oca.73;Þub.88
User 305;1.Þub;1.Nis;Oca.97;0.5;0.64;Þub.74;Mar.18;Þub.77;Oca.86;Þub.64
User 306;0.83;Oca.64;0.35;0.56;0.78;Oca.48;Mar.18;Þub.63;Oca.41;Þub.66
User 307;1.Þub;Oca.28;0.77;0.47;1.Haz;Þub.48;Mar.18;Þub.86;Oca.73;Þub.94
User 308;0.7;Oca.48;Þub.43;0.58;Oca.82;Þub.38;3.Þub;3.Þub;Þub.72;Þub.48
User 309;Oca.55;0;0.24;0.74;0.22;Oca.38;Mar.18;Mar.22;Oca.28;Þub.58
User 310;0.51;1.Þub;Þub.19;0.64;0.88;Þub.24;Mar.19;Þub.58;Oca.41;Þub.32
User 311;0.51;Oca.76;0.22;0.49;0.66;Oca.46;Mar.18;Þub.77;2.Nis;Þub.74
User 312;0.54;Oca.52;0.24;0.37;0.74;1.May;Mar.18;Þub.89;Oca.76;3.Nis
User 313;0.38;Oca.16;Oca.65;0.45;1.Oca;1.Mar;Mar.18;Þub.83;Oca.22;Þub.62
User 314;0.77;Oca.48;Oca.19;0.49;Oca.58;2.May;Mar.18;Þub.85;1.Haz;2.May
User 315;0.58;1.Aðu;0.7;0.53;Oca.52;Þub.22;Mar.18;Þub.78;Oca.98;Þub.98
User 316;1.Eyl;0.76;0.93;0.47;0.58;Oca.94;Mar.18;2.Aðu;2.Þub;Þub.64
User 317;0.96;Oca.32;2.May;0.47;1.Haz;Þub.24;Mar.19;Þub.75;Oca.79;Þub.62
User 318;0.67;Oca.28;0.14;0.43;1.Þub;Oca.62;Mar.17;Þub.88;Oca.47;Þub.82
User 319;0.74;1;Þub.77;0.53;0.4;Oca.46;Mar.19;2.Aðu;Oca.34;Þub.46
User 320;0.93;1.Þub;0.18;0.25;0.54;Oca.46;Mar.16;Þub.97;Oca.22;Mar.42
User 321;1.Þub;1;0.27;0.39;0.98;Oca.82;Mar.18;3.Eyl;1.Haz;Þub.88
User 322;1.Eyl;1;0.77;0.43;0.42;Oca.62;Mar.18;Þub.98;Þub.27;Mar.36
User 323;Mar.22;Oca.84;0.22;0.53;0.9;Þub.46;Mar.19;Þub.69;Oca.57;Þub.72
User 324;0.48;Oca.16;0.21;0.33;0.26;0.86;Mar.18;Þub.98;Oca.25;2.Tem
User 325;0.45;1.Þub;0.86;0.51;0.7;1.Nis;Mar.18;Þub.95;Oca.44;Þub.48
User 326;0.96;0.88;Oca.63;0.56;Oca.52;Þub.54;Mar.19;Þub.74;Oca.28;Þub.48
User 327;0.54;1.Haz;Þub.33;0.54;Oca.26;2.Aðu;3.Þub;Þub.97;2.May;Þub.42
User 328;0.86;Oca.72;1.Þub;0.56;Oca.74;Mar.24;Mar.18;Þub.78;1.May;2.Nis
User 329;Oca.41;Oca.96;Oca.23;0.51;0.42;Þub.26;Mar.18;Þub.77;Oca.18;Þub.32
User 330;0.8;Oca.16;1.Þub;0.56;1.Þub;2.Oca;Mar.19;3.May;Oca.22;Þub.56
User 331;0.74;Oca.44;0.24;0.34;Oca.98;Oca.62;Mar.17;Þub.88;Mar.17;Mar.22
User 332;0.67;Oca.36;1.Eyl;0.45;Oca.46;Oca.86;Mar.18;Þub.69;0.99;Þub.74
User 333;Oca.47;0.72;0.53;0.62;0.48;1.Eyl;Mar.18;Þub.78;Oca.63;Þub.88
User 334;0.7;0.76;0.18;0.73;0.96;Þub.54;Mar.18;Þub.71;1.Haz;Þub.54
User 335;0.74;Oca.84;0.16;0.62;0.24;0.96;Mar.18;Þub.62;Oca.57;Þub.42
User 336;0.74;1.Aðu;Oca.57;0.63;Oca.98;Oca.78;Mar.18;Þub.81;Oca.28;Þub.72
User 337;0.48;Oca.88;Oca.82;0.4;1.Mar;1.Tem;Mar.18;2.Tem;1.Eyl;2.Aðu
User 338;0.38;Oca.32;0.46;0.5;0.56;0.98;Mar.17;Þub.82;1.Þub;Mar.44
User 339;0.77;Oca.36;0.43;0.54;Oca.72;Þub.91;Mar.18;Þub.94;Oca.86;Þub.58
User 340;Oca.57;Oca.28;0.83;0.49;0.48;Oca.38;Mar.18;Þub.88;Oca.44;Þub.86
User 341;0.77;2.Þub;1.Mar;0.46;Oca.78;Þub.88;Mar.18;Þub.88;1.Haz;Þub.46
User 342;0.64;Oca.52;Oca.89;0.63;Oca.36;Þub.26;3.Þub;Þub.97;Þub.62;Þub.38
User 343;0.99;Oca.52;Oca.68;0.35;Oca.42;Oca.86;Mar.18;Þub.97;Oca.47;3.Ara
User 344;Oca.25;Oca.24;2.Mar;0.49;0.74;Þub.16;3.Þub;Þub.82;Oca.73;Þub.42
User 345;0.7;0.96;0.74;0.5;1.Nis;2.Ara;Mar.18;Þub.66;0.9;3.Haz
User 346;0.58;1.Þub;0.16;0.35;0.62;0.98;Mar.17;Þub.87;Oca.66;3.Þub
User 347;0.93;Oca.88;0.48;0.59;Oca.26;Oca.94;Mar.18;Þub.93;2.Nis;Þub.66
User 348;0.54;Oca.32;0.96;0.41;0.8;Oca.48;Mar.18;Þub.95;Oca.86;2.Tem
User 349;0.67;1.Aðu;2.Eyl;0.48;1.Oca;Oca.94;3.Þub;Þub.94;Oca.15;Þub.32
User 350;0.8;1.Ara;2.Mar;0.63;Oca.46;Þub.74;Mar.19;Þub.78;Oca.22;2.Nis
User 351;Oca.57;0.92;1.Haz;0.39;0.16;2.Oca;Mar.18;Þub.71;Oca.54;Þub.98
User 352;0.99;1.Ara;0.24;0.42;0.32;Oca.58;Mar.18;Þub.95;Oca.63;Þub.78
User 353;Oca.18;0.88;Oca.33;0.29;0.96;Þub.88;Mar.19;Þub.96;Oca.92;Þub.56
User 354;0.58;0.88;0.88;0.42;0.26;Oca.14;Mar.18;3.Tem;Oca.41;Mar.26
User 355;0.83;Oca.48;0.88;0.29;0.82;1.Nis;Mar.17;Þub.72;1.Haz;Mar.36
User 356;0.86;1.Nis;0.56;0.81;0.7;0.92;Mar.17;Þub.75;Oca.22;3.Haz
User 357;0.54;Oca.36;0.24;1.Nis;1.Ara;1.Aðu;Mar.18;Þub.89;Oca.57;Þub.56
User 358;1.Eyl;Oca.36;2.Þub;0.55;0.18;0.54;Mar.18;Þub.83;Oca.28;3.Ara
User 359;0.67;0.96;0.37;0.54;1.Haz;Þub.52;Mar.18;Mar.25;2.Mar;2.Tem
User 360;Oca.76;1.Þub;1.Mar;0.3;0.38;0.94;Mar.18;Þub.62;Oca.15;Mar.14
User 361;0.58;Oca.48;0.19;0.56;0.16;Oca.26;Mar.18;Þub.82;Oca.66;2.Tem
User 362;1.Eyl;1.Haz;1.Mar;0.53;Oca.82;Þub.26;Mar.18;2.Aðu;1.Haz;Þub.54
User 363;0.99;2;Þub.13;0.64;Oca.82;2.Haz;Mar.19;Þub.67;1.May;Þub.46
User 364;0.83;Oca.16;0.16;0.37;0.72;Oca.28;Mar.17;3.Oca;Oca.41;Mar.28
User 365;0.46;Oca.96;0.86;0.55;Oca.44;Þub.18;Mar.18;Mar.17;Oca.41;Þub.88
User 366;1.Ara;2.Ara;Oca.62;0.61;0.98;2.Þub;Mar.19;Þub.73;Oca.28;2.May
User 367;Oca.31;0.88;0.77;0.59;1.Mar;1.Eyl;Mar.18;Þub.79;Oca.98;Þub.46
User 368;0.74;1;0.22;0.56;Oca.14;Oca.88;Mar.18;3.Nis;Oca.73;Þub.72
User 369;0.93;1;1.Tem;0.45;0.86;1.Haz;Mar.18;Þub.94;1.Eyl;2.Tem
User 370;0.58;1.Þub;0.19;0.53;1.Mar;Þub.66;Mar.18;2.Tem;Oca.22;Þub.48
User 371;1.Þub;0.92;Oca.54;0.3;0.7;Oca.58;Mar.18;Þub.82;1.Tem;Mar.26
User 372;0.35;Oca.36;Þub.25;0.46;1.Oca;Oca.52;Mar.19;Þub.73;Oca.89;Þub.94
User 373;Oca.47;1.Nis;1.Oca;Oca.68;1.Mar;2.Ara;Mar.18;Þub.79;1.May;Þub.66
User 374;Oca.79;1.Nis;Oca.74;0.69;Oca.46;Þub.58;Mar.19;Þub.86;Oca.41;2.May
User 375;0.74;Oca.24;0.72;0.53;1.Ara;Oca.66;Mar.18;Þub.94;2.May;Þub.88
User 376;0.9;Oca.84;Þub.46;0.67;0.86;Þub.36;3.Þub;2.Eyl;Oca.86;2.Nis
User 377;Oca.41;0.96;Oca.94;0.64;Oca.82;2.Aðu;Mar.19;Þub.71;1.Haz;Þub.54
User 378;0.7;Þub.96;0.43;0.5;1.Ara;Oca.92;Mar.17;Þub.94;Oca.31;Mar.26
User 379;0.77;0.96;0.29;0.54;0.78;Oca.22;Mar.18;Þub.94;Oca.38;Þub.64
User 380;0.48;Oca.68;0.27;0.51;1.Mar;2.Haz;Mar.18;Þub.66;Oca.92;Þub.78
User 381;0.67;Oca.48;0.51;0.24;0.54;1.Haz;Mar.17;3.Þub;1.May;3.Þub
User 382;0.64;1.Haz;0.3;0.17;0.54;1.Mar;Mar.17;Þub.99;Oca.76;Mar.22
User 383;0.86;1.Haz;0.19;0.87;1.Ara;Oca.66;Mar.18;Þub.95;1.May;2.Tem
User 384;0.83;2;Oca.82;0.33;0.66;Oca.24;Mar.18;Þub.87;Oca.57;2.Aðu
User 385;0.64;1.Þub;0.14;0.22;0.1;0.38;Mar.17;Þub.85;Oca.15;3.Þub
User 386;0.8;Oca.48;Þub.16;0.69;Oca.38;Þub.56;Mar.19;Þub.66;Oca.41;Þub.42
User 387;0.8;2;Oca.22;0.54;Oca.44;Þub.46;Mar.18;Þub.82;Oca.44;Þub.46
User 388;1.Haz;0.84;0.16;0.61;1.Nis;Oca.98;Mar.18;Þub.78;Oca.44;2.May
User 389;0.8;Oca.48;0.42;0.57;0.64;Oca.76;Mar.18;2.Tem;1.Tem;Þub.98
User 390;0.64;Oca.76;0.16;0.65;0.64;Oca.48;Mar.18;Þub.74;1.Þub;Þub.98
User 391;0.8;Oca.96;Oca.44;0.5;0.82;Þub.46;Mar.19;Þub.97;Oca.57;Þub.66
User 392;0.83;Oca.24;0.58;0.29;0.58;Oca.34;Mar.17;Þub.66;1.May;Mar.22
User 393;0.96;Oca.96;Oca.31;0.63;1.Mar;2.May;Mar.19;Mar.13;Oca.86;Þub.58
User 394;0.86;0.96;0.19;0.5;0.54;Oca.36;Mar.18;Þub.91;Oca.34;2.Eyl
User 395;Oca.76;0.56;Oca.33;0.37;0.94;Þub.18;Mar.18;Mar.14;Oca.63;Mar.34
User 396;0.74;1.Nis;Oca.65;0.48;Oca.44;Oca.86;Mar.19;Þub.87;1.May;Þub.46
User 397;Oca.15;1.Nis;Oca.38;0.43;0.98;Oca.66;Mar.18;Þub.66;1.Þub;3.Mar
User 398;Oca.57;Oca.96;1.Ara;0.49;0.78;Oca.98;Mar.18;Þub.86;1.Haz;Þub.66
User 399;0.74;Oca.16;0.5;0.26;0.5;Oca.18;Mar.17;Þub.89;Oca.63;Þub.98
User 400;0.77;Oca.64;Oca.39;0.41;0.78;Oca.98;Mar.18;Þub.86;Oca.98;Þub.64
User 401;0.9;1.Nis;0.27;0.48;0.9;Oca.74;Mar.18;3.May;1.Haz;Þub.86
User 402;0.77;1.Ara;Oca.84;0.57;0.9;Þub.18;Mar.19;Þub.94;Oca.44;Þub.54
User 403;0.8;Oca.16;0.18;0.78;1.Nis;Oca.66;Mar.18;Þub.97;Oca.86;Þub.94
User 404;0.45;Oca.52;0.16;0.47;0.58;1.Aðu;Mar.17;2.Tem;Oca.73;3.Nis
User 405;0.96;Oca.96;Oca.97;0.56;Oca.34;Oca.92;Mar.19;Þub.74;Oca.82;Þub.72
User 406;1.Haz;Oca.76;Oca.42;0.63;Oca.38;Þub.18;Mar.18;Þub.75;Oca.54;Þub.56
User 407;0.64;1.Aðu;Oca.74;0.43;0.78;Oca.74;Mar.18;Þub.77;Oca.41;2.Aðu
User 408;0.8;1.Ara;2.Mar;0.63;Oca.46;Þub.74;Mar.19;Þub.78;Oca.22;2.Nis
User 409;Oca.18;2.Aðu;Oca.94;0.45;0.56;2.Oca;Mar.19;Þub.66;Þub.34;Þub.48
User 410;0.64;Oca.72;2.Nis;0.61;1.Haz;Þub.46;3.Þub;Þub.91;Þub.53;Þub.34
User 411;0.7;Oca.24;1.Oca;0.33;1.Oca;Oca.74;Mar.18;Þub.74;Oca.57;Þub.88
User 412;0.96;Oca.88;0.22;0.56;Oca.34;2.May;Mar.18;Þub.83;Oca.44;Þub.54
User 413;0.74;Þub.72;Oca.76;0.54;0.98;Oca.78;Mar.19;Þub.66;Oca.22;Þub.34
User 414;Oca.44;2.Haz;Oca.55;0.91;0.3;2.Ara;Mar.18;2.Tem;Oca.54;2.May
User 415;0.9;Oca.24;0.34;0.53;0.74;Þub.78;Mar.18;Þub.87;2.May;Þub.62
User 416;0.58;Oca.24;Þub.77;0.63;0.86;Þub.62;3.Þub;Þub.78;Oca.47;2.Nis
User 417;0.77;1.Aðu;0.61;0.31;0.56;1.Tem;Mar.18;Mar.15;Oca.57;Þub.98
User 418;0.86;Oca.48;0.14;0.29;0.3;0.66;Mar.16;Þub.93;1.Haz;3.May
User 419;0.64;Oca.24;0.26;0.43;0.9;Oca.54;Mar.17;Þub.89;Oca.25;3.Þub
User 420;Oca.39;Oca.52;Oca.47;0.66;Oca.76;Mar.24;Mar.19;Þub.87;Oca.73;Þub.42
User 421;0.8;Oca.56;3.Mar;0.43;1.Ara;2.Haz;3.Þub;Þub.64;1.May;2.Nis
User 422;1.Ara;1;0.9;0.37;0.62;1.Haz;Mar.18;Þub.61;2.Kas;Þub.74
User 423;0.51;Þub.92;0.16;Oca.58;Oca.54;2;Mar.18;Þub.74;0.96;Þub.46
User 424;0.64;1.Haz;0.24;0.42;0.94;Oca.42;Mar.18;3.Tem;1.Haz;3.Nis
User 425;0.64;1.Haz;Oca.23;0.37;Oca.36;Þub.34;Mar.18;Þub.86;0.86;3.Nis
User 426;Oca.97;0.4;0.22;0.78;0.66;2.Haz;Mar.18;Þub.85;Oca.54;Þub.58
User 427;1.Þub;Þub.48;1.Tem;0.41;1.May;2.Nis;Mar.19;Þub.78;Oca.41;Þub.38
User 428;0.7;Oca.28;0.35;0.32;0.96;Oca.22;Mar.17;2.Eyl;Oca.89;Mar.18
User 429;0.9;Oca.32;0.19;0.45;0.42;1.Mar;Mar.17;Þub.73;Oca.25;3.Ara
User 430;1.Þub;1.Þub;0.3;0.38;1.Oca;1.Eyl;Mar.17;Þub.93;Oca.34;Mar.42
User 431;0.42;0.88;2.Mar;0.66;0.64;Þub.44;Mar.18;Þub.95;Oca.34;3.Ara
User 432;0.99;Oca.36;1.Eyl;0.67;Oca.36;Þub.86;Mar.18;Þub.96;Oca.79;Þub.74
User 433;0.74;2;Oca.66;0.49;Oca.62;Oca.76;Mar.18;Þub.54;Oca.47;Þub.42
User 434;Oca.31;Þub.64;Oca.73;0.58;2.Haz;Þub.58;Mar.19;Þub.71;Oca.47;Þub.32
User 435;0.83;Þub.32;Oca.26;0.47;Oca.66;2.Nis;Mar.19;Þub.73;Oca.22;2.Nis
User 436;1.Ara;Oca.44;0.26;0.43;0.3;Oca.66;Mar.18;Þub.89;Oca.54;Þub.94
User 437;0.54;Oca.36;0.32;0.46;1.Þub;Oca.48;Mar.17;Þub.88;Oca.44;Mar.44
User 438;1.Haz;1.Aðu;0.13;2.Kas;0.32;2.May;Mar.18;Þub.78;Oca.98;2.May
User 439;0.48;Oca.56;0.29;0.49;0.56;2.Ara;Mar.18;Mar.13;1.May;Þub.66
User 440;0.8;0.72;0.22;0.64;0.34;Oca.82;Mar.18;Þub.77;Oca.34;Þub.54
User 441;0.93;Oca.28;0.93;0.46;0.42;1.May;Mar.18;2.Tem;Oca.86;Þub.98
User 442;0.77;1.Þub;0.19;0.42;0.3;Oca.26;Mar.17;Þub.63;Oca.15;Mar.34
User 443;0.77;1.Nis;0.19;0.43;0.58;Þub.22;Mar.17;Þub.75;Oca.54;Þub.82
User 444;1.Haz;Oca.36;0.32;0.5;Oca.62;Þub.28;Mar.17;Þub.89;1.Tem;Mar.54
User 445;0.72;0.96;Oca.57;0.62;Oca.58;Oca.86;Mar.18;Þub.82;Oca.25;Þub.72
User 446;Oca.25;0.96;0.43;0.19;0.58;1.Haz;Mar.17;2.Tem;Oca.18;3.Haz
User 447;0.7;Þub.88;1.Eyl;0.48;0.88;Þub.24;Mar.18;Þub.78;Oca.15;Þub.46
User 448;0.74;1.Ara;Oca.54;0.29;0.7;Oca.62;Mar.18;Þub.91;Oca.22;3.Þub
User 449;0.61;1.Nis;Oca.42;0.45;1.Ara;Þub.42;Mar.18;Þub.82;Oca.47;Þub.64
User 450;0.86;1;0.93;0.43;Oca.38;2.Haz;Mar.18;Þub.91;Oca.22;2.May
User 451;0.42;1.Aðu;0.42;0.4;0.86;1.Þub;Mar.18;Þub.86;Þub.43;3.Þub
User 452;0.54;1.Aðu;0.74;0.57;0.62;1.Mar;Mar.18;Þub.74;1.May;Þub.54
User 453;1.Eyl;0.92;1.Oca;0.45;0.98;1.Eyl;Mar.18;Þub.83;2.Aðu;Þub.66
User 454;0.67;Oca.36;1.Eyl;0.49;0.98;Þub.84;Mar.18;Þub.74;1.Haz;Þub.56
User 455;Oca.22;0.92;1.Nis;0.57;0.48;Oca.36;Mar.18;Þub.75;Oca.76;Þub.98
User 456;0.96;Oca.68;Oca.18;0.29;Oca.36;Þub.34;Mar.18;2.Tem;1.Þub;3.Nis
User 457;0.96;0.68;0.45;0.46;0.64;Oca.66;Mar.18;Þub.67;Oca.47;2.Nis
User 458;0.9;1.Nis;0.3;0.56;0.32;Oca.14;Mar.18;2.Aðu;Oca.22;2.May
User 459;0.9;1.Nis;2;0.53;Oca.28;Þub.38;Mar.19;Þub.75;Oca.66;2.Nis
User 460;0.7;Oca.96;0.61;0.48;0.7;1.Nis;Mar.18;Þub.75;Oca.25;2.Aðu
User 461;0.67;1.Þub;0.9;0.5;Oca.14;Þub.14;Mar.18;3.Þub;Oca.31;Þub.82
User 462;0.99;Oca.24;0.15;0.24;Oca.38;Oca.98;Mar.17;Þub.61;1.Þub;3.Haz
User 463;0.83;Oca.32;0.24;0.54;Oca.18;Þub.22;Mar.18;Þub.78;Oca.41;2.Aðu
User 464;0.99;Oca.24;Oca.58;0.46;0.26;Þub.34;Mar.18;3.Tem;Oca.76;3.Nis
User 465;Oca.78;1.Nis;0.72;0.61;0.46;Oca.68;Mar.18;Þub.88;Oca.47;Þub.42
User 466;0.74;Oca.32;2.May;0.64;Oca.18;Þub.26;Mar.19;3.Nis;Oca.34;Þub.62
User 467;Oca.55;Oca.16;0.66;0.3;0.5;Oca.34;Mar.18;Þub.67;Oca.22;3.Mar
User 468;0.7;Oca.36;0.29;0.65;0.78;Oca.38;Mar.18;Mar.38;Oca.82;Þub.74
User 469;Oca.31;0.96;0.86;0.4;0.88;Oca.54;Mar.17;Þub.78;Oca.41;Mar.44
User 470;1.Eyl;1.Nis;0.29;0.48;0.22;Þub.22;Mar.17;Þub.77;Oca.31;Mar.22
User 471;0.74;1.Aðu;Þub.26;0.38;1.Þub;Þub.22;3.Þub;Þub.42;Oca.38;Þub.58
User 472;0.74;Oca.28;0.3;0.43;1.Haz;Oca.58;Mar.17;Þub.95;1.Tem;Mar.14
User 473;0.58;Oca.48;0.21;0.46;0.4;Oca.28;Mar.17;Þub.72;Oca.95;Mar.22
User 474;0.72;Oca.52;0.19;0.85;Oca.26;Oca.74;Mar.18;Þub.94;Oca.28;Þub.74
User 475;0.96;1.Aðu;Oca.86;0.32;0.58;1.Mar;Mar.18;Þub.63;Oca.22;3.Ara
User 476;Oca.38;1.Ara;Oca.92;0.64;0.62;Þub.32;Mar.19;Þub.94;Oca.76;Þub.48
User 477;0.64;Oca.16;Oca.89;0.4;0.56;Oca.24;Mar.18;Þub.82;1.Eyl;Mar.18
User 478;0.8;1.Ara;Oca.16;0.32;0.38;1.Nis;Mar.18;Þub.62;Oca.18;3.Haz
User 479;0.83;0.84;Þub.59;0.85;1.Oca;Þub.62;Mar.19;Þub.69;1.Haz;Þub.62
User 480;0.77;Oca.16;Oca.36;0.42;3.Mar;Þub.78;Mar.18;Þub.58;Oca.22;Þub.94
User 481;0.64;0.6;1.Haz;0.53;0.7;1.May;Mar.18;Þub.66;Oca.86;Þub.64
User 482;0.42;Oca.36;Oca.49;0.71;1.Haz;Oca.68;Mar.19;Þub.86;Oca.25;Þub.56
User 483;Oca.38;Oca.28;0.22;0.55;0.26;0.9;Mar.18;Þub.74;Oca.31;3.Nis
User 484;0.58;Þub.96;1.Eyl;0.53;Oca.44;Þub.24;Mar.19;Mar.18;Þub.18;2.Tem
User 485;0.83;Oca.72;Oca.88;0.51;Oca.42;Þub.64;Mar.19;2.Eyl;Oca.76;Þub.54
User 486;0.7;1.Þub;Oca.42;0.27;0.46;Oca.58;Mar.18;Þub.66;1.Eyl;2.Aðu
User 487;0.96;Oca.28;0.21;0.62;0.72;Þub.44;Mar.18;Þub.94;Oca.38;2.Tem
User 488;0.7;1;0.18;0.57;Þub.58;Þub.34;Mar.17;3.Haz;Oca.98;Þub.96
User 489;Oca.18;Oca.32;0.62;0.31;1.Haz;Oca.74;Mar.17;Þub.91;Oca.25;Mar.38
User 490;0.99;0.92;0.32;0.79;0.78;Oca.78;Mar.18;Þub.77;Oca.98;Þub.62
User 491;Oca.38;1.Ara;1.Aðu;0.37;0.82;Oca.16;Mar.18;Þub.69;Oca.22;3.Mar
User 492;Oca.18;Oca.28;0.26;0.33;1.Oca;Oca.36;Mar.17;3.Mar;Oca.76;Mar.38
User 493;0.7;Oca.16;0.14;0.39;0.9;Oca.18;Mar.17;Þub.79;Oca.15;Þub.96
User 494;1.Eyl;Þub.64;Þub.54;0.53;0.7;Þub.18;Mar.19;Þub.79;1.Haz;Þub.34
User 495;0.93;2.Þub;0.35;0.57;0.46;Oca.58;Mar.18;Þub.78;Þub.21;Þub.74
User 496;0.77;Oca.36;0.18;0.39;1.Mar;2.Oca;Mar.16;Þub.95;1.Þub;3.May
User 497;0.51;0.88;0.26;0.48;0.96;Oca.42;Mar.17;Þub.88;1.Þub;3.Nis
User 498;0.61;Oca.24;Þub.32;0.51;1.Nis;Þub.58;Mar.19;Þub.75;1.Haz;Þub.46
User 499;0.77;Oca.16;Þub.13;0.45;1.Mar;Oca.74;Mar.18;Þub.96;Oca.47;Þub.94
User 500;0.9;1.Ara;0.67;0.5;Oca.38;2.Oca;Mar.18;Þub.98;Oca.41;Þub.86
User 501;0.96;2;Oca.94;0.51;1.Þub;1.Tem;Mar.19;2.Tem;1.Tem;Þub.38
User 502;Þub.72;Oca.96;Oca.39;0.32;1.Haz;Þub.46;Mar.18;Þub.86;Oca.15;Þub.86
User 503;0.9;1.Aðu;Þub.48;0.41;0.82;Oca.78;Mar.18;Þub.83;Oca.41;Mar.46
User 504;0.64;Oca.28;0.48;0.35;0.7;Oca.58;Mar.18;3.Oca;Þub.18;Þub.98
User 505;0.99;1.Nis;0.35;0.58;0.74;Þub.22;Mar.18;Þub.99;1.May;Þub.78
User 506;2.May;2;0.24;0.51;0.8;Oca.78;Mar.17;Þub.89;Oca.54;3.Ara
User 507;0.86;1.Nis;Oca.31;0.48;0.56;Oca.78;Mar.18;3.May;2.May;Þub.62
User 508;0.7;1;Oca.78;0.64;Þub.98;Þub.36;Mar.18;Þub.74;Oca.15;2.May
User 509;0.86;0.76;1.Haz;0.51;Þub.62;Þub.34;Mar.18;Þub.81;1.Eyl;2.Tem
User 510;1.Ara;2.Nis;0.19;0.33;0.26;Oca.36;Mar.17;3.Tem;Oca.34;Mar.18
User 511;Oca.22;Oca.16;Þub.18;0.55;Oca.38;Þub.52;Mar.19;Þub.66;Oca.92;Þub.54
User 512;0.96;1.Þub;0.19;0.33;0.66;Oca.24;Mar.16;Þub.94;Oca.28;Mar.62
User 513;0.67;Oca.24;0.96;0.53;0.78;Oca.44;Mar.18;2.Eyl;1.Haz;Þub.88
User 514;0.77;Oca.88;Þub.43;0.65;1.Haz;3.Ara;3.Þub;Þub.69;2.Kas;2.Nis
User 515;0.86;1.Þub;0.35;0.42;0.96;Oca.72;Mar.17;Þub.57;0.96;3.Haz
User 516;0.9;1;Þub.84;0.5;Oca.28;Þub.14;3.Þub;Þub.97;Oca.54;Þub.54
User 517;Oca.31;0;0.26;0.72;0.96;Oca.16;Mar.18;2.Eyl;Þub.14;Þub.88
User 518;0.64;1.Nis;2.Mar;0.53;1.Haz;1.Eyl;Mar.18;2.Eyl;1.Ara;Þub.88
User 519;0.96;Oca.28;0.22;0.37;0.82;Þub.14;Mar.18;Þub.62;Oca.34;2.Aðu
User 520;0.77;1.Aðu;0.3;0.55;1.Haz;Þub.26;Mar.18;Mar.23;Oca.73;Þub.66
User 521;0.51;Oca.36;0.13;0.33;0.7;1.Þub;Mar.18;Þub.89;Oca.63;2.Tem
User 522;0.86;1.Nis;Oca.89;0.61;Oca.46;2.Mar;Mar.19;Þub.77;Oca.92;Þub.62
User 523;0.51;1.Aðu;Þub.48;0.57;0.66;1.Aðu;Mar.19;Þub.58;Oca.38;Þub.32
User 524;0.74;0.96;0.26;0.42;0.86;Oca.54;Mar.17;Þub.86;Oca.63;3.Nis
User 525;0.7;Oca.64;Þub.46;0.57;Oca.46;Þub.54;3.Þub;Þub.95;Oca.89;Þub.38
User 526;0.86;Oca.36;Oca.68;0.49;1.Mar;3.Nis;Mar.19;2.Tem;Oca.31;Þub.78
User 527;0.7;1.Ara;Oca.23;0.49;Oca.52;Þub.34;Mar.18;Þub.78;Oca.76;Þub.66
User 528;0.77;1.Nis;0.16;0.59;0.94;Oca.94;Mar.18;3.Haz;Oca.41;Þub.66
User 529;Oca.34;Oca.64;0.37;0.39;0.58;Oca.94;Mar.18;Þub.72;Oca.66;Þub.94
User 530;0.53;0.96;0.18;0.58;0.66;1.Nis;Mar.18;Þub.95;1.May;Þub.42
User 531;0.86;0.6;0.24;0.64;0.94;1.Tem;Mar.18;Þub.78;Oca.44;Þub.34
User 532;1.Ara;0.16;0.19;0.69;0.62;Oca.44;Mar.18;2.Eyl;Oca.73;Þub.46
User 533;0.83;1.Þub;Oca.25;0.56;1.Nis;2.Þub;Mar.18;Þub.66;Oca.86;Þub.66
User 534;0.8;1.Aðu;Oca.45;0.45;0.98;1.Tem;Mar.18;2.Eyl;1.Eyl;3.Þub
User 535;0.9;0.88;Oca.84;0.41;0.72;2;Mar.18;Þub.66;1.Haz;Þub.82
User 536;0.58;1.Ara;Oca.57;0.45;0.78;1.May;Mar.18;Þub.77;Oca.44;2.Eyl
User 537;0.74;Þub.24;Þub.63;0.72;1.Nis;Mar.76;3.Þub;Þub.75;Oca.63;Þub.48
User 538;0.64;1.Nis;Þub.35;0.51;Oca.42;Oca.66;Mar.19;Þub.66;Þub.21;2.May
User 539;0.61;Oca.84;0.61;0.47;Þub.18;2.May;Mar.18;Þub.83;Oca.92;Þub.98
User 540;0.96;Oca.16;0.36;0.42;0.22;2.Aðu;Mar.18;Þub.83;Oca.98;Þub.64
User 541;0.8;Oca.36;0.75;0.35;0.9;Oca.78;Mar.18;Þub.86;Oca.22;Þub.82
User 542;Oca.44;0.28;0.18;0.34;0.26;Oca.74;Mar.17;Þub.64;0.9;Þub.88
User 543;0.83;1.Aðu;0.24;0.46;0.5;Oca.52;Mar.18;Þub.98;Oca.98;2.Aðu
User 544;0.7;Oca.56;0.96;0.4;Oca.18;Oca.88;Mar.17;Þub.77;1.Haz;Mar.34
User 545;0.99;1.Nis;Oca.17;0.57;0.98;2.Oca;Mar.19;Þub.74;Oca.38;2.Nis
User 546;0.86;Þub.96;0.24;0.41;0.72;Oca.62;Mar.18;Þub.98;Oca.54;Þub.98
User 547;0.61;Oca.64;0.18;0.46;1.Þub;1.Eyl;Mar.17;Þub.59;Oca.34;3.Nis
User 548;0.96;Oca.48;0.21;0.58;0.42;Oca.28;Mar.18;Þub.95;Oca.98;Þub.66
User 549;0.96;Oca.92;Oca.18;0.61;0.9;Oca.98;Mar.18;Þub.82;1.Tem;Þub.62
User 550;0.96;Oca.32;0.34;0.48;0.82;1.Tem;Mar.17;Þub.95;Oca.34;Mar.34
User 551;Oca.23;1;0.59;0.35;1.Þub;Oca.62;Mar.18;Þub.85;2.Þub;Þub.98
User 552;1.Haz;1.Nis;2.May;0.56;Oca.78;2.Aðu;3.Þub;Þub.72;Þub.18;Þub.54
User 553;0.9;0.88;Oca.17;0.47;0.7;2.Oca;Mar.18;3.Haz;2.May;Þub.62
User 554;Oca.63;1.Þub;0.67;0.75;1.Þub;2.Þub;Mar.18;Þub.85;Oca.34;Þub.42
User 555;0.67;2.Nis;0.34;0.53;Oca.26;2.Þub;Mar.18;Þub.71;Oca.73;2.Tem
User 556;0.7;0.88;Þub.66;0.5;1.Nis;Oca.46;Mar.19;Þub.88;Oca.54;2.Nis
User 557;0.58;Oca.48;0.24;0.49;0.42;Oca.38;Mar.18;Þub.82;1.Haz;Þub.88
User 558;0.96;0.88;0.22;0.53;0.42;1.Aðu;Mar.18;Þub.74;Þub.46;Þub.78
User 559;0.96;1;0.3;0.33;0.88;Oca.58;Mar.17;Þub.98;2.Kas;Mar.34
User 560;1.Haz;0.8;0.29;0.35;1.Mar;2.Ara;Mar.18;3.Mar;1.Tem;Þub.94
User 561;0.74;0.8;Oca.82;0.5;1.Þub;Oca.74;Mar.18;Þub.63;Oca.63;Þub.58
User 562;0.93;1.Haz;3.Kas;0.49;0.96;2.Aðu;3.Þub;Þub.61;1.May;Þub.38
User 563;0.9;0.88;Oca.94;0.55;1.Ara;Þub.18;Mar.18;Þub.85;Oca.47;2.Tem
User 564;0.7;Oca.52;Oca.46;0.5;0.94;1.Tem;Mar.18;Þub.64;0.96;Þub.94
User 565;0.77;Oca.56;0.24;0.62;0.98;2.Oca;Mar.18;Þub.86;Oca.66;Þub.48
User 566;0.99;1.Aðu;Oca.41;0.24;Oca.52;2.Aðu;Mar.18;Þub.74;Oca.22;Þub.94
User 567;0.74;Oca.68;Þub.89;0.57;0.94;Oca.92;3.Þub;Þub.86;Oca.34;Þub.34
User 568;0.7;1.Haz;Þub.36;0.48;Oca.18;Oca.73;3.Þub;Þub.98;Oca.31;Þub.42
User 569;Oca.15;2.Ara;2.Haz;0.56;Oca.68;Oca.86;Mar.19;Þub.62;Oca.44;Þub.42
User 570;0.58;1.Þub;0.32;0.43;1.Nis;Þub.54;Mar.18;Þub.95;Oca.18;Mar.26
User 571;0.9;Þub.16;2.Haz;0.56;Oca.66;Þub.17;Mar.19;Þub.72;Oca.44;Þub.42
User 572;0.74;Oca.36;0.21;0.29;0.62;Oca.48;Mar.17;Þub.98;Oca.18;Mar.38
User 573;0.77;1.Aðu;Oca.82;0.39;1.Haz;Þub.32;Mar.19;Þub.85;Oca.41;2.Nis
User 574;0.67;Oca.76;0.3;0.41;0.26;Oca.58;Mar.18;Þub.67;Þub.24;Mar.42
User 575;0.96;Oca.44;0.72;0.62;0.82;2.Tem;Mar.18;3.Þub;Oca.82;Þub.78
User 576;0.74;Oca.28;Oca.36;0.66;Oca.26;Þub.48;Mar.18;Þub.83;Oca.28;Þub.64
User 577;0.77;0.88;0.24;0.43;1.Þub;2.Oca;Mar.18;3.Mar;Oca.76;Þub.64
User 578;0.64;Oca.48;0.24;0.56;0.74;Oca.72;Mar.18;2.Aðu;Oca.66;Þub.88
User 579;0.67;Oca.48;0.26;0.56;0.62;Oca.26;Mar.18;Þub.81;Oca.54;2.Eyl
User 580;0.86;0.96;0.74;1.Ara;0.96;1.Tem;Mar.18;2.Aðu;Oca.57;Þub.56
User 581;0.83;Oca.36;1.Tem;0.33;0.56;Þub.16;Mar.18;Þub.74;1.Haz;Þub.82
User 582;0.64;Oca.36;Oca.52;0.47;1.Þub;Þub.68;Mar.18;Þub.79;Oca.41;2.Tem
User 583;0.9;1.Þub;0.85;0.62;Oca.18;Þub.14;Mar.18;Þub.78;Oca.54;Þub.74
User 584;0.67;1.Haz;0.19;0.45;1.Þub;Oca.42;Mar.18;Þub.86;Oca.73;Þub.88
User 585;1.Haz;Oca.28;0.16;0.47;1.Nis;1.Haz;Mar.17;Þub.72;Oca.18;Mar.26
User 586;Oca.47;1.Nis;0.43;0.48;0.74;1.Oca;Mar.17;3.Oca;Oca.63;3.Þub
User 587;0.48;1.Ara;0.7;0.33;0.38;Oca.42;Mar.18;Þub.88;Oca.47;Þub.78
User 588;0.96;1.Haz;0.29;0.32;0.62;Oca.62;Mar.18;Þub.79;Oca.25;2.Eyl
User 589;0.58;1.Nis;Þub.77;0.58;0.46;Oca.98;Mar.19;Þub.66;Oca.38;2.May
User 590;0.93;2.Aðu;0.27;0.39;1.Oca;Þub.58;Mar.18;Þub.89;Oca.89;Þub.78
User 591;0.96;1.Ara;0.91;0.5;0.82;Oca.66;Mar.18;Þub.81;Oca.63;Þub.72
User 592;0.83;Oca.32;0.18;0.31;Oca.22;1.May;Mar.17;Þub.98;Oca.38;3.Nis
User 593;0.7;Þub.28;0.22;Þub.38;0.38;Oca.28;Mar.18;Þub.81;Oca.38;Þub.66
User 594;0.83;Oca.96;Oca.33;0.54;Oca.44;Þub.54;Mar.18;Þub.87;Oca.28;Þub.74
User 595;1.Ara;0.8;0.91;0.39;0.48;Oca.56;Mar.18;Þub.96;Oca.38;2.Tem
User 596;Oca.76;0.6;Oca.57;0.35;0.5;Oca.66;Mar.18;Þub.98;1.May;Þub.72
User 597;0.96;Oca.32;0.37;0.49;0.74;Oca.66;Mar.17;Þub.97;Oca.41;Mar.36
User 598;0.77;1.Aðu;0.22;0.65;0.88;2.Þub;Mar.18;Þub.86;Oca.79;Þub.54
User 599;0.86;0.96;2.Þub;0.5;Oca.28;Oca.58;Mar.19;2.Tem;Oca.79;Þub.66
User 600;1.Ara;Þub.96;0.16;0.5;0.48;Oca.76;Mar.18;Þub.78;Oca.76;Þub.72
User 601;0.64;Oca.36;0.91;0.4;0.86;1.Oca;Mar.18;Þub.83;Oca.47;3.Haz
User 602;Oca.15;0.8;0.26;3.Oca;0.64;Oca.86;Mar.18;Þub.77;2.Þub;Þub.62
User 603;0.67;2.Þub;Þub.34;0.61;0.9;2.Ara;Mar.19;Þub.61;Oca.41;Þub.46
User 604;0.77;Oca.48;0.29;0.35;0.16;0.82;Mar.17;Þub.94;1.Eyl;Mar.26
User 605;Oca.22;0.68;Oca.41;0.91;Oca.34;Þub.82;Mar.19;3.Eyl;2.Kas;2.May
User 606;0.64;1.Þub;0.94;0.39;0.94;2.Þub;Mar.19;3.Eyl;Oca.28;Þub.26
User 607;1.Eyl;1;1.Þub;0.4;1.Þub;Oca.38;Mar.18;Þub.58;0.74;Mar.26
User 608;Oca.31;Oca.36;0.75;0.48;0.5;1.Tem;Mar.18;Þub.89;Oca.34;Þub.78
User 609;1.Haz;3.Ara;Oca.58;0.48;0.56;Mar.34;Mar.18;Þub.67;Oca.76;Þub.94
User 610;0.7;Oca.32;0.34;0.59;0.4;1.Þub;Mar.18;Þub.85;Oca.31;Þub.82
User 611;0.66;0.64;2.Oca;0.58;0.82;Oca.54;Mar.18;3.Þub;Oca.22;Þub.88
User 612;0.74;1.Nis;1.Mar;0.62;Oca.26;Þub.42;Mar.18;Þub.78;Oca.57;2.May
User 613;0.83;0.92;0.82;0.39;Oca.28;Þub.14;Mar.18;Mar.39;Oca.63;2.Aðu
User 614;0.67;Oca.28;0.26;0.51;1.Þub;Oca.26;Mar.17;Þub.87;3.Oca;3.Mar
User 615;Oca.87;0.28;Oca.14;0.5;0.9;Oca.94;Mar.18;Þub.97;Oca.82;Þub.58
User 616;0.54;Oca.16;0.38;0.33;Oca.38;Oca.58;Mar.17;2.Tem;1.Haz;Mar.44
User 617;0.7;Oca.44;0.22;0.64;0.56;2.Nis;Mar.18;Þub.85;1.Tem;Þub.78
User 618;Oca.82;Oca.56;0.62;0.39;0.58;Oca.62;Mar.18;Þub.93;Þub.14;Mar.42
User 619;Oca.25;1.Nis;0.43;0.43;1.Nis;2.May;Mar.18;3.Mar;1.Haz;Þub.88
User 620;0.96;Oca.32;0.56;0.38;0.66;Oca.54;Mar.17;Þub.85;Oca.41;3.Ara
User 621;0.74;Oca.32;0.16;0.49;Oca.22;Oca.46;Mar.17;2.Tem;2.Aðu;Þub.88
User 622;0.8;1.Aðu;Oca.25;0.55;Oca.38;2.May;Mar.18;Þub.85;1.Tem;Þub.42
User 623;0.99;Oca.32;2.Mar;0.43;0.88;Oca.54;Mar.18;2.Tem;2.Aðu;Þub.78
User 624;0.74;0.96;0.62;0.51;0.96;Oca.84;Mar.18;2.Aðu;2.May;3.Þub
User 625;0.9;Oca.48;Oca.46;0.42;0.42;1.Þub;Mar.18;Þub.71;Oca.73;Þub.96
User 626;Oca.66;0.24;0.43;0.59;0.8;1.Haz;Mar.18;Þub.95;Oca.38;Þub.48
User 627;0.8;Oca.92;1.Haz;0.5;2.Aðu;3.Þub;Mar.19;Þub.89;1.May;Þub.54
User 628;0.75;1.Aðu;Oca.88;0.34;0.9;Oca.58;Mar.18;Þub.73;1.Haz;2.May
User 629;0.7;0.88;0.19;0.43;0.14;Oca.66;Mar.17;Þub.75;Oca.18;Þub.98
User 630;0.58;Oca.44;0.21;0.41;1.Haz;Oca.56;Mar.18;2.Eyl;3.Nis;Þub.54
User 631;0.7;Oca.36;0.19;0.41;0.86;Oca.28;Mar.17;Þub.72;Þub.37;3.Oca
User 632;2.May;1.Þub;0.19;0.34;0.48;1.Þub;Mar.17;Þub.81;Oca.92;Mar.44
User 633;0.51;1.Þub;0.42;0.49;0.9;1.Þub;Mar.17;Þub.56;1.May;Þub.98
User 634;0.61;1.Þub;2.May;0.61;1.Mar;3.Haz;Mar.19;Þub.79;Oca.57;Þub.42
User 635;0.83;Oca.96;0.83;0.46;0.5;Oca.34;Mar.18;Þub.78;1.Eyl;2.Tem
User 636;0.8;1.Ara;1.Haz;0.63;1.May;Oca.74;Mar.18;Þub.86;1.Ara;2.Eyl
User 637;0.86;1.Nis;Oca.25;0.55;2.Þub;Þub.62;Mar.18;Þub.88;Oca.38;Þub.54
User 638;Oca.38;0.96;1.Tem;0.66;1.Haz;Þub.18;Mar.18;Þub.85;Oca.31;Þub.64
User 639;1.Haz;Oca.44;0.42;0.58;0.7;Oca.68;Mar.17;Þub.95;1.Tem;Mar.38
User 640;0.51;Oca.96;0.21;0.42;0.72;Oca.38;Mar.18;Þub.87;Oca.82;Þub.82
User 641;Oca.73;0.84;Þub.61;0.63;1.Oca;Þub.42;Mar.19;Þub.98;Oca.73;Þub.78
User 642;0.54;Þub.96;0.38;0.61;Oca.62;Þub.42;Mar.18;Mar.22;Þub.43;2.Aðu
User 643;1.Eyl;Þub.76;0.21;0.66;0.32;Þub.28;Mar.18;Þub.72;1.May;Þub.58
User 644;0.74;Oca.56;0.24;0.61;0.7;Oca.42;Mar.18;Þub.82;1.May;Þub.96
User 645;0.93;Þub.24;1.Eyl;0.49;Oca.76;3.Haz;Mar.19;Þub.69;2.Þub;Þub.48
User 646;0.61;Oca.56;0.19;0.41;0.86;Oca.14;Mar.18;Þub.81;1.Haz;2.Aðu
User 647;0.94;0.8;0.35;0.56;0.48;Oca.78;Mar.18;Þub.86;Þub.18;Þub.66
User 648;0.64;Oca.52;0.21;0.39;0.98;Oca.38;Mar.16;Þub.77;Oca.66;Mar.38
User 649;0.38;Oca.44;0.34;0.5;Oca.26;Oca.94;Mar.18;2.Eyl;Þub.37;3.Nis
User 650;1.Eyl;Oca.96;Oca.17;0.51;Oca.62;Þub.74;Mar.18;Þub.74;Oca.28;2.Nis
User 651;0.58;Oca.24;0.26;0.56;0.96;1.Tem;Mar.18;3.Þub;Þub.14;Þub.78
User 652;0.8;Oca.32;0.34;0.24;0.46;1.Þub;Mar.17;2.Eyl;Oca.44;Mar.28
User 653;0.61;Oca.56;0.19;0.41;0.86;Oca.14;Mar.18;Þub.81;1.Haz;2.Aðu
User 654;0.7;Oca.32;0.32;0.51;0.82;Oca.34;Mar.18;3.Nis;Oca.76;3.Nis
User 655;0.48;1.Ara;Þub.35;0.58;0.78;Oca.98;Mar.19;Þub.63;Oca.25;2.Nis
User 656;0.74;Oca.56;Þub.27;0.66;1.Mar;Þub.56;Mar.19;Þub.65;Oca.54;2.Nis
User 657;0.7;Oca.64;1.Tem;0.39;1.Nis;Oca.54;Mar.18;Þub.82;Oca.47;3.Haz
User 658;Oca.34;0.76;1.Oca;0.47;Oca.66;2;Mar.18;Þub.87;Oca.18;Þub.66
User 659;0.72;1.Haz;0.67;0.34;0.78;Oca.58;Mar.17;Mar.18;Oca.15;Mar.42
User 660;0.8;1.Aðu;0.37;0.51;1.Haz;Oca.58;Mar.17;Þub.81;Oca.54;Mar.18
User 661;0.99;Oca.96;Þub.46;0.53;0.34;Oca.58;3.Þub;Þub.82;Oca.44;Þub.54
User 662;1.Eyl;0.64;1.Ara;0.42;0.7;Oca.54;Mar.18;3.Tem;Oca.44;Þub.66
User 663;0.7;0.8;Þub.56;0.5;1.Oca;1.May;Mar.19;Þub.86;Oca.47;Þub.38
User 664;0.93;0.92;0.18;0.5;1.Þub;2.Nis;Mar.17;Þub.91;1.Eyl;Mar.18
User 665;1.Haz;Oca.28;1.Mar;0.43;0.24;0.46;Mar.17;Þub.86;Oca.15;Mar.38
User 666;1.May;Oca.16;Þub.37;0.27;0.58;1.Eyl;Mar.18;Þub.78;Oca.54;3.Þub
User 667;Oca.95;Oca.52;Oca.94;Mar.44;0.64;Þub.94;3.Þub;Þub.62;Oca.54;Þub.46
User 668;Oca.25;1.Nis;Oca.58;0.67;0.88;Þub.42;Mar.18;2.Tem;Oca.34;2.Eyl
User 669;0.54;Oca.16;0.8;0.32;0.66;Oca.44;Mar.17;Þub.79;1.Eyl;Mar.28
User 670;0.51;Oca.48;0.21;0.41;1.Þub;Oca.66;Mar.17;Þub.83;Oca.63;3.Mar
User 671;Oca.63;0.96;0.34;0.49;0.38;2.Haz;Mar.17;Þub.86;Oca.92;Mar.46
User 672;0.77;1.Haz;Þub.46;0.59;Þub.16;Þub.64;Mar.19;Þub.85;Þub.21;2.May
User 673;Oca.76;0.68;Oca.31;0.46;0.34;0.8;Mar.18;Þub.74;0.96;Þub.54
User 674;0.86;1;0.29;0.47;0.24;Oca.46;Mar.18;Þub.74;Oca.73;2.Nis
User 675;0.83;0.6;0.19;0.61;0.94;Oca.66;Mar.18;Þub.74;Oca.47;Þub.34
User 676;0.58;Oca.96;0.18;0.38;0.74;1.Aðu;Mar.18;Þub.66;Þub.18;Þub.78
User 677;0.77;Oca.16;0.32;0.26;0.5;Oca.14;Mar.17;Þub.89;Oca.44;Mar.34
User 678;Þub.26;0.4;2.Aðu;0.5;Oca.18;Þub.86;Mar.19;Þub.75;1.Haz;Þub.42
User 679;Oca.66;1.Nis;0.91;0.43;0.72;Oca.74;Mar.17;Þub.77;0.86;Mar.46
User 680;0.8;Oca.56;0.34;0.41;0.8;Oca.66;Mar.17;Þub.91;Oca.38;Mar.26
User 681;1.Þub;1.Nis;0.24;0.65;0.46;Oca.88;Mar.18;Þub.88;Oca.15;Þub.86
User 682;0.96;Oca.16;0.45;0.29;0.98;Oca.42;Mar.18;Þub.94;2.Þub;3.Þub
User 683;0.83;0.96;Oca.47;0.5;Oca.46;2.Þub;Mar.18;Þub.94;Oca.22;2.May
User 684;0.96;Oca.96;0.26;0.51;0.82;Oca.34;Mar.18;3.Þub;Oca.89;Þub.72
User 685;0.86;Oca.84;Oca.78;0.61;Oca.18;Þub.36;Mar.19;Þub.82;Þub.14;2.May
User 686;0.9;1;2.Haz;0.62;0.9;Þub.52;Mar.19;Þub.89;Oca.38;2.Nis
User 687;0.77;Oca.36;0.75;0.46;Oca.14;Þub.14;Mar.18;Þub.85;Oca.89;Þub.82
User 688;1.Þub;1.Nis;0.22;0.57;0.22;Þub.18;Mar.18;Þub.88;Oca.34;Þub.86
User 689;0.9;Oca.68;0.29;0.35;0.8;Oca.24;Mar.18;Þub.74;Oca.25;3.Nis
User 690;0.7;Oca.28;0.94;0.62;1.Haz;2.Þub;Mar.18;Þub.85;Oca.82;Þub.88
User 691;0.83;0.72;0.22;0.39;0.48;1.Aðu;Mar.18;Þub.95;1.Ara;Þub.72
User 692;0.77;Oca.48;0.98;0.31;1.Þub;1.May;Mar.17;Þub.83;1.Eyl;3.Mar
User 693;0.93;Oca.28;0.22;0.25;0.46;0.62;Mar.17;Þub.98;1.Ara;3.Haz
User 694;0.77;Oca.88;0.21;0.49;0.48;Oca.74;Mar.18;Þub.83;Oca.44;Þub.94
User 695;0.96;1.Aðu;0.56;Þub.25;2.Þub;2.Nis;Mar.18;Þub.69;Oca.25;Þub.42
User 696;0.7;Oca.32;0.27;0.47;Oca.78;Þub.18;Mar.18;Þub.95;Oca.79;Þub.78
User 697;Oca.66;Þub.16;Oca.26;0.41;0.62;Þub.26;Mar.18;2.Eyl;1.May;Mar.26
User 698;Oca.34;0.8;0.22;0.69;0.4;Þub.24;Mar.18;Þub.72;Oca.28;2.May
User 699;0.83;1.Nis;0.35;0.4;0.26;0.96;Mar.17;Þub.77;Oca.54;Mar.24
User 700;0.74;Oca.96;Oca.25;0.4;0.58;Oca.26;Mar.18;2.Tem;1.Eyl;3.Þub
User 701;0.45;Oca.96;0.94;0.61;0.58;Oca.58;Mar.18;Þub.98;Oca.15;2.May
User 702;0.7;Oca.96;Oca.66;0.55;Oca.38;2.Haz;Mar.19;Þub.94;Oca.41;Þub.72
User 703;1.Eyl;Þub.96;Oca.79;0.79;Oca.18;2;Mar.19;Þub.66;Þub.59;Þub.46
User 704;0.67;Oca.96;0.29;0.43;Oca.18;2.Þub;Mar.17;Þub.95;Oca.41;Mar.36
User 705;Oca.54;Oca.28;0.22;0.24;0.58;Oca.62;Mar.17;2.Aðu;1.Tem;Mar.38
User 706;0.64;Oca.52;0.16;0.42;0.56;0.98;Mar.18;Þub.86;Oca.18;Þub.94
User 707;0.8;0.96;0.27;0.55;0.7;Oca.66;Mar.18;Þub.99;Oca.92;2.Tem
User 708;0.83;0.76;Oca.31;0.58;Oca.42;2.May;Mar.18;Þub.81;Oca.66;Þub.58
User 709;Oca.31;0.2;0.24;0.72;0.46;1.Haz;Mar.18;Þub.86;Oca.79;Þub.46
User 710;0.7;Oca.44;0.88;0.33;0.8;1.Nis;Mar.18;Þub.85;1.May;Mar.14
User 711;Oca.34;1.Nis;Oca.47;0.66;0.9;Þub.66;Mar.19;Þub.79;Oca.76;Þub.48
User 712;0.54;Oca.28;0.26;0.61;Oca.26;2;Mar.18;Þub.93;Þub.43;Þub.56
User 713;Oca.28;Oca.28;0.27;0.4;1.Nis;1.Ara;Mar.17;Mar.19;Oca.54;Mar.38
User 714;1.Þub;Oca.24;0.27;0.41;Oca.22;2.Haz;Mar.18;2.Tem;Oca.54;2.Aðu
User 715;0.96;Oca.96;0.75;0.41;0.46;1.Nis;Mar.18;2.Eyl;Þub.18;3.Mar
User 716;1.Haz;Oca.64;0.32;0.31;0.38;1.Haz;Mar.17;2.Eyl;2.Þub;3.Mar
User 717;0.54;1.Aðu;0.24;0.42;0.54;1.Mar;Mar.18;3.Tem;Oca.34;Þub.94
User 718;0.7;2.Ara;Þub.42;0.59;0.58;Oca.82;Mar.19;Þub.62;1.Ara;2.May
User 719;Oca.31;0.92;Þub.37;0.62;0.74;Þub.32;3.Þub;Þub.82;Oca.57;Þub.58
User 720;1.Þub;0.92;Þub.59;0.63;0.96;Þub.34;Mar.19;2.Eyl;Oca.73;Þub.42
User 721;0.45;Oca.36;0.21;0.63;Oca.34;2.Nis;Mar.18;Þub.93;Þub.56;Þub.56
User 722;0.99;1.Ara;0.22;0.4;0.74;Oca.42;Mar.16;Þub.66;Oca.28;Mar.52
User 723;1.Eyl;0.8;0.93;0.71;Oca.38;2.Tem;Mar.18;Þub.82;Oca.41;Þub.62
User 724;Oca.22;0.56;0.62;0.69;0.72;1.May;Mar.18;Þub.73;1.Eyl;Þub.46
User 725;0.74;1.Þub;0.29;0.38;0.42;Oca.22;Mar.17;Þub.91;Oca.28;Mar.14
User 726;0.8;2.Nis;Oca.28;0.54;Oca.62;Þub.52;Mar.18;Þub.86;Oca.57;Þub.46
User 727;0.58;0.76;0.75;0.53;Oca.52;Þub.14;Mar.18;Þub.95;2.Kas;2.Aðu
User 728;0.99;Oca.36;Oca.18;0.67;0.96;Þub.32;Mar.19;3.Tem;Oca.98;Þub.96
User 729;0.86;Þub.96;0.21;Oca.98;0.9;Oca.62;Mar.18;2.Tem;Oca.47;Þub.46
User 730;Oca.63;Oca.16;Oca.81;0.39;Oca.62;Þub.98;Mar.19;Þub.79;Oca.79;Þub.54
User 731;1.Eyl;Oca.44;Oca.42;0.33;Oca.18;1.Tem;Mar.18;Þub.91;1.Ara;Mar.18
User 732;0.61;Oca.24;0.26;0.71;0.82;2.Mar;Mar.18;Þub.98;Oca.41;3.Ara
User 733;1.Haz;0.56;0.77;0.59;0.72;1.Tem;Mar.18;Þub.86;Oca.54;2.May
User 734;0.61;1.Nis;Þub.16;0.43;1.Mar;Oca.58;Mar.18;Þub.66;2.Þub;Þub.86
User 735;0.61;Oca.32;0.21;0.35;0.58;Oca.16;Mar.17;Þub.74;Oca.98;Mar.28
User 736;0.7;1.Aðu;0.26;0.65;1.Þub;1.Mar;Mar.18;Þub.93;Oca.41;Þub.64
User 737;0.93;Oca.92;0.37;0.56;0.96;Þub.38;Mar.18;Þub.82;2.May;Þub.82
User 738;0.8;1.Ara;Oca.78;0.64;1.Þub;Þub.34;Mar.19;3.Nis;Oca.38;Þub.54
User 739;0.64;Oca.24;Oca.18;0.61;0.86;Þub.82;Mar.18;Þub.94;Oca.89;Þub.78
User 740;Oca.18;Oca.36;0.51;0.32;1.Ara;Þub.16;Mar.17;Þub.67;1.Haz;3.Mar
User 741;0.9;2.Nis;Oca.26;0.64;1.Mar;Þub.74;Mar.18;Þub.82;Oca.66;2.May
User 742;0.86;0.72;Oca.23;0.55;1.Þub;Þub.48;Mar.18;Þub.87;1.May;2.Nis
User 743;0.74;1;0.26;0.41;0.74;1.Eyl;Mar.18;Þub.94;Oca.73;Þub.74
User 744;1.Eyl;1.Þub;0.29;0.51;Oca.18;1.Eyl;Mar.18;Þub.66;Oca.44;Þub.88
User 745;0.83;Oca.36;1.Þub;0.39;0.7;Oca.32;Mar.18;Þub.87;Oca.31;Þub.46
User 746;0.82;2.Haz;0.19;0.9;0.46;Oca.82;Mar.18;Þub.85;Oca.34;2.May
User 747;0.9;Oca.44;0.29;0.47;1.Þub;1.Þub;Mar.17;2.Eyl;Mar.14;Mar.18
User 748;0.96;Þub.84;0.21;Oca.83;Oca.18;Oca.98;Mar.18;Þub.74;Oca.34;Þub.38
User 749;0.67;1.Ara;0.43;0.38;1.Þub;Oca.26;Mar.17;Þub.66;Oca.38;Mar.14
User 750;0.99;1.Nis;0.77;0.42;0.96;Oca.98;Mar.18;Þub.86;Oca.31;Þub.78
User 751;0.74;Oca.52;Þub.29;0.66;Oca.46;Þub.58;Mar.19;Þub.74;Oca.41;2.Nis
User 752;1.Þub;Oca.52;0.76;0.38;0.62;Oca.26;Mar.17;3.Nis;Oca.34;Mar.14
User 753;Oca.22;Oca.36;Oca.33;0.59;Oca.18;Þub.24;Mar.19;Þub.77;Oca.66;Þub.46
User 754;1.Ara;1.Nis;1.Eyl;0.39;0.96;1.Haz;Mar.18;3.Oca;Oca.28;3.Haz
User 755;Oca.28;Oca.68;0.99;0.75;1.Oca;Þub.34;Mar.18;Þub.78;Oca.73;2.May
User 756;Oca.28;Oca.28;0.96;0.39;Oca.34;1.Tem;Mar.18;3.Ara;Oca.86;Mar.34
User 757;Oca.33;0.76;0.26;0.45;0.72;Oca.18;Mar.18;Mar.14;Oca.31;Þub.66
User 758;0.7;1.Ara;0.35;0.46;0.64;Oca.66;Mar.18;Þub.83;Oca.54;2.Aðu
User 759;0.74;1.Haz;Oca.58;0.41;0.64;Oca.18;Mar.18;Þub.69;Oca.34;2.Aðu
User 760;1.Tem;0.96;0.13;0.33;0.78;Oca.14;Mar.18;Þub.81;1.Þub;Þub.42
User 761;0.77;1.Nis;Oca.31;0.62;Oca.26;Þub.42;Mar.18;Þub.78;1.Haz;Þub.54
User 762;0.99;Oca.48;0.99;0.59;0.34;Þub.18;Mar.18;Þub.88;Oca.25;Þub.34
User 763;1.Eyl;Oca.56;0.83;0.46;1.Þub;Þub.18;Mar.18;Þub.94;1.May;3.Mar
User 764;1.Þub;Oca.28;Oca.33;0.49;0.86;1.Nis;Mar.18;Þub.88;1.May;Þub.98
User 765;0.74;Oca.48;Oca.26;0.57;1.Haz;2;Mar.18;Þub.54;Oca.57;Þub.48
User 766;1.Þub;Oca.32;Oca.58;0.37;0.58;1.Þub;Mar.18;Þub.75;Oca.38;Mar.22
User 767;0.7;Oca.68;0.37;0.61;0.72;Oca.52;Mar.18;Þub.66;Oca.38;Þub.66
User 768;1.Þub;0.96;0.99;0.55;0.82;3.Nis;Mar.18;Þub.87;Oca.98;2.May
User 769;1.Þub;0.96;0.21;0.69;Oca.14;Þub.72;Mar.18;Mar.19;Oca.63;Þub.46
User 770;Oca.34;0.56;Oca.71;0.53;0.48;Oca.26;Mar.18;Þub.86;1.Haz;Þub.86
User 771;0.74;1.Haz;1.Þub;0.46;Oca.34;2.Þub;Mar.18;Þub.77;0.86;3.Nis
User 772;0.64;1.Nis;0.98;0.29;0.26;0.54;Mar.18;Þub.48;Oca.66;2.Eyl
User 773;0.8;0.96;Oca.18;0.5;0.56;1.May;Mar.18;3.Oca;Oca.86;2.Aðu
User 774;0.99;1.Þub;0.14;0.51;0.42;Oca.46;Mar.18;Þub.62;Oca.25;2.Tem
User 775;0.42;Oca.52;0.29;0.53;0.38;Oca.52;Mar.18;Þub.95;Þub.88;3.Ara
User 776;Oca.41;0.72;Oca.23;1.Oca;0.74;2.Aðu;Mar.19;Mar.17;2.Mar;Þub.46
User 777;0.67;1.Haz;0.27;0.35;Oca.28;Oca.78;Mar.18;3.Nis;Oca.57;3.Haz
User 778;0.74;Oca.68;Oca.18;0.5;1.May;Þub.52;Mar.18;Þub.86;Oca.54;Þub.48
User 779;Oca.25;0.96;0.16;0.55;0.22;Oca.58;Mar.18;Þub.66;0.99;2.Tem
User 780;0.74;Oca.36;0.21;0.29;0.62;Oca.48;Mar.17;Þub.98;Oca.18;Mar.38
User 781;0.86;1.Þub;2.Aðu;0.54;Oca.84;Þub.14;Mar.19;Þub.81;1.Haz;Þub.56
User 782;0.8;Oca.28;Oca.95;0.47;Oca.14;1.Tem;Mar.18;Þub.87;1.Tem;Þub.78
User 783;0.74;Oca.28;0.21;0.55;Oca.58;1.May;Mar.18;Þub.75;Oca.76;Þub.94
User 784;1.Oca;1.Aðu;0.25;0.3;0.4;0.94;Mar.17;Þub.99;Oca.28;Mar.18
User 785;0.9;Oca.16;0.43;0.43;0.7;Oca.42;Mar.17;Þub.95;Oca.31;3.Oca
User 786;0.8;0.84;Þub.49;0.45;0.74;2.Ara;Mar.19;3.Oca;2.May;Þub.56
User 787;0.77;Oca.32;Oca.97;0.53;0.82;Oca.94;Mar.19;Þub.98;Oca.28;Þub.54
User 788;0.51;Oca.96;0.19;0.63;0.48;2;Mar.18;Þub.87;1.May;Þub.98
User 789;0.9;1.Aðu;0.75;0.34;1.May;Oca.86;Mar.17;Þub.81;Oca.34;Mar.34
User 790;0.74;Oca.24;Oca.71;0.43;Oca.58;Þub.48;Mar.19;Þub.78;Oca.76;Þub.54
User 791;0.86;1.Þub;Þub.22;0.33;0.9;Oca.74;Mar.18;Þub.98;1.Haz;3.Þub
User 792;0.83;Oca.32;Þub.86;0.56;1.Oca;2.Haz;3.Þub;Þub.72;Oca.41;Þub.42
User 793;1.Þub;2;Oca.71;0.54;Oca.52;Þub.74;Mar.19;Þub.74;Oca.92;2.May
User 794;Oca.82;Oca.16;0.35;0.46;0.4;1.Þub;Mar.18;Þub.95;Þub.37;Þub.72
User 795;0.8;0.88;0.53;0.55;1.Oca;Þub.14;Mar.18;Þub.81;1.Haz;2.Aðu
User 796;Þub.14;Oca.92;2.Þub;0.59;Oca.52;Þub.96;Mar.19;Þub.82;Oca.66;Þub.48
User 797;0.51;Oca.48;0.24;0.42;0.72;Oca.46;Mar.18;3.Oca;1.Haz;Þub.62
User 798;0.83;Oca.28;0.21;0.55;0.62;1.Þub;Mar.17;Þub.63;Oca.47;3.Þub
User 799;0.9;Oca.36;Þub.21;0.47;0.86;Þub.14;Mar.19;Þub.78;Oca.28;Þub.64
User 800;0.67;Oca.44;2.Eyl;0.53;0.86;Oca.78;3.Þub;2.Eyl;Oca.54;Þub.34
User 801;Oca.22;1.Ara;0.45;0.49;0.46;0.9;Mar.17;Þub.86;1.May;Mar.52
User 802;1.Eyl;1.Nis;Oca.65;0.47;Oca.36;Þub.22;Mar.18;Þub.74;1.Ara;3.Oca
User 803;Oca.17;0.32;Þub.16;0.47;0.98;1.Eyl;Mar.19;3.Tem;Oca.25;Þub.64
User 804;Oca.31;0.04;0.98;0.55;0.54;0.94;Mar.18;Þub.83;Oca.34;Þub.66
User 805;0.64;Oca.64;Oca.46;0.5;Oca.34;Þub.22;Mar.18;Þub.79;Oca.86;Þub.62
User 806;0.8;Oca.96;Þub.69;0.55;Oca.34;3.Nis;3.Þub;2.Tem;Oca.66;Þub.46
User 807;0.67;1.Ara;0.24;0.58;Oca.22;1.Eyl;Mar.18;Þub.87;Oca.34;2.Tem
User 808;0.8;1.Nis;2;0.56;1.Nis;1.Haz;Mar.19;Þub.74;Oca.44;2.May
User 809;0.96;2;Oca.94;0.51;1.Þub;1.Tem;Mar.19;2.Tem;1.Tem;Þub.38
User 810;Oca.15;2.Aðu;Oca.62;0.57;0.78;Oca.86;Mar.19;Þub.73;Oca.28;2.May
User 811;0.83;0.96;0.21;0.61;Oca.76;2;Mar.18;Þub.86;Oca.98;Þub.78
User 812;0.99;1.Þub;1.Haz;0.53;1.Mar;Þub.82;Mar.18;Mar.33;Oca.76;Mar.18
User 813;0.96;Mar.64;Oca.31;0.39;Oca.34;Þub.66;Mar.18;3.Þub;Oca.57;3.Ara
User 814;Oca.25;0.96;0.77;0.42;1.Þub;Oca.84;Mar.18;Þub.87;Oca.38;Þub.98
User 815;0.58;Oca.56;Þub.44;0.54;1.Þub;2.Oca;3.Þub;Þub.97;Þub.46;Þub.42
User 816;0.93;1.Þub;Oca.46;0.58;0.66;Þub.22;Mar.18;Þub.88;Oca.79;3.Þub
User 817;0.9;0.96;Þub.85;0.54;1.Ara;Oca.48;3.Þub;Þub.75;Oca.44;Þub.38
User 818;0.58;Oca.32;Oca.28;0.58;0.42;Oca.74;Mar.19;Þub.91;Oca.41;Þub.32
User 819;0.7;1;Þub.74;0.57;Oca.18;Oca.84;3.Þub;Þub.94;Oca.18;Þub.34
User 820;0.51;1.Aðu;Þub.48;0.57;0.66;1.Aðu;Mar.19;Þub.58;Oca.38;Þub.32
User 821;0.58;Oca.52;1.Mar;0.56;Oca.18;Þub.34;Mar.18;Þub.94;Oca.73;Þub.62
User 822;0.83;Oca.36;1.Þub;0.57;0.96;Þub.18;Mar.18;Þub.83;Þub.24;3.Haz
User 823;0.64;Oca.56;0.16;0.47;0.98;2.Haz;Mar.17;Þub.74;Oca.38;Mar.18
User 824;Oca.47;0.96;Oca.84;0.58;1.May;Þub.28;Mar.18;Þub.74;Oca.79;Þub.62
User 825;0.7;0.96;0.78;1.May;0.8;Oca.64;Mar.18;2.Tem;Oca.47;2.Mar
User 826;0.67;Oca.36;Oca.28;0.65;0.5;Oca.34;Mar.18;Þub.66;Oca.89;2.May
User 827;0.48;Oca.36;Oca.82;0.57;0.66;Oca.28;Mar.19;Þub.86;Oca.57;Þub.66
User 828;Oca.18;Oca.24;0.75;0.43;0.08;1.Tem;Mar.18;Þub.58;2.Mar;Mar.22
User 829;0.48;1.Ara;Þub.35;0.58;0.78;Oca.98;Mar.19;Þub.63;Oca.25;2.Nis
User 830;0.93;Oca.76;0.58;Þub.29;2;Þub.42;Mar.18;Þub.69;Oca.31;Þub.42
User 831;0.74;1;Oca.27;0.48;0.42;Oca.44;Mar.18;3.Haz;Oca.95;Þub.74
User 832;0.67;Oca.68;0.19;0.51;0.64;Oca.68;Mar.18;Þub.74;Þub.78;2.Eyl
User 833;0.86;1.Ara;0.13;0.27;0.78;1.Tem;Mar.17;Þub.67;1.Ara;3.Mar
User 834;1.Oca;Oca.52;0.42;0.38;0.26;0.92;Mar.17;Þub.78;Oca.89;Þub.88
User 835;0.7;0.88;Þub.66;0.5;1.Nis;Oca.46;Mar.19;Þub.88;Oca.54;2.Nis
User 836;1.Þub;Oca.44;Þub.38;0.47;Oca.26;Þub.54;Mar.19;Þub.74;0.99;Þub.66
User 837;1.Eyl;1.Þub;1.May;0.65;0.9;Þub.38;Mar.18;2.Aðu;Oca.41;Þub.78
User 838;1.Þub;Oca.56;0.53;1.Mar;0.64;Oca.86;Mar.18;Þub.74;Oca.44;Þub.46
User 839;0.67;1.Ara;0.22;0.53;0.7;0.88;Mar.18;3.May;Oca.54;Þub.96
User 840;0.64;1.Þub;0.75;0.47;1.Haz;Oca.98;Mar.18;Þub.81;1.Ara;Þub.72
User 841;0.7;Oca.96;0.96;0.33;0.82;1.Tem;Mar.18;3.Mar;Oca.15;3.Þub
User 842;0.83;1.Ara;1.May;0.32;0.34;Oca.62;Mar.18;Þub.82;1.Eyl;Mar.22
User 843;1.Haz;Oca.28;Oca.78;0.41;0.66;Oca.58;Mar.18;2.Aðu;1.Eyl;2.Aðu
User 844;0.64;Oca.24;0.16;0.35;0.58;0.98;Mar.17;Þub.88;Oca.66;3.Þub
User 845;0.64;1.Þub;0.24;0.35;0.56;0.76;Mar.17;3.Haz;Oca.76;Þub.94
User 846;0.96;Oca.44;1.Haz;0.48;0.88;Þub.26;Mar.19;Þub.87;Oca.63;Þub.48
User 847;0.83;Oca.24;0.26;0.37;0.96;Oca.46;Mar.17;Þub.64;Oca.38;Mar.18
User 848;0.9;Oca.36;0.74;0.62;0.58;Oca.74;Mar.18;Þub.85;Oca.47;3.Þub
User 849;0.77;Oca.52;2.Nis;0.39;0.22;0.98;Mar.18;Þub.75;Oca.82;Mar.44
User 850;0.61;Oca.52;0.82;0.22;0.58;1.Oca;Mar.17;Þub.71;Oca.15;Mar.34
User 851;0.58;1.Nis;0.22;0.47;1.Haz;Oca.88;Mar.18;Þub.97;2.Mar;Þub.54
User 852;0.96;Oca.96;1.May;0.53;Oca.26;2.May;Mar.19;Þub.79;Oca.54;Þub.66
User 853;0.99;Oca.88;0.48;0.61;Oca.22;Oca.92;Mar.18;Þub.93;Þub.43;Þub.66
User 854;Oca.18;0.92;Oca.52;0.65;Oca.44;Þub.22;Mar.18;Þub.87;Oca.34;Þub.66
User 855;1.Eyl;Oca.96;Oca.28;0.53;Oca.46;Þub.98;Mar.18;Þub.74;Oca.66;Þub.86
User 856;Oca.54;Oca.44;0.56;0.34;0.82;1.Aðu;Mar.17;Þub.79;Oca.22;Mar.26
User 857;Oca.18;0.92;Oca.52;0.65;Oca.44;Þub.22;Mar.18;Þub.87;Oca.34;Þub.66
User 858;0.58;Oca.64;Þub.27;0.45;Oca.26;Oca.72;Mar.19;Þub.91;2.Mar;Þub.74
User 859;0.58;Oca.44;0.38;0.56;1.Þub;Oca.64;Mar.18;3.Þub;Oca.47;Þub.74
User 860;1.Eyl;Oca.24;Þub.62;0.58;0.54;Oca.94;Mar.19;Þub.72;Oca.73;Þub.42
User 861;1.Eyl;1.Ara;Oca.94;0.56;0.82;Oca.98;Mar.19;Þub.86;Oca.57;Þub.74
User 862;0.64;Oca.56;0.42;0.5;0.8;2.Nis;Mar.18;3.Tem;Oca.41;Þub.88
User 863;0.7;Oca.52;Þub.37;0.62;0.86;Oca.68;3.Þub;Þub.86;1.Haz;Þub.58
User 864;0.77;1.Nis;0.27;0.38;Oca.62;Oca.78;Mar.17;Þub.83;Þub.59;Mar.18
User 865;1.Eyl;Oca.84;0.75;0.33;0.56;Oca.26;Mar.17;Þub.93;Oca.98;Mar.28
User 866;0.51;1;0.21;0.39;0.74;Oca.64;Mar.18;2.Eyl;Oca.76;3.Nis
User 867;0.77;Oca.16;Þub.19;0.4;Oca.42;Oca.78;Mar.18;Þub.82;Oca.22;Þub.82
User 868;0.93;0.64;0.22;0.43;Mar.26;Mar.13;Mar.18;2.Aðu;1.May;Þub.66
User 869;0.45;Oca.64;0.14;0.42;0.58;Oca.26;Mar.18;Þub.89;Oca.38;2.Eyl
User 870;Oca.89;0.28;1.Ara;0.51;0.96;Oca.96;Mar.18;Þub.97;Oca.82;Þub.58
User 871;1.Þub;Oca.32;0.4;0.59;1.Haz;Þub.93;Mar.18;2.Aðu;Oca.92;Þub.66
User 872;0.83;1.Ara;0.27;0.49;0.64;1.Mar;Mar.17;Þub.79;Oca.41;Mar.34
User 873;Oca.41;0.96;Oca.79;0.35;1.Oca;Þub.22;Mar.18;Þub.78;Oca.38;3.Þub
User 874;0.48;Oca.16;0.8;0.66;0.74;1.Nis;Mar.18;Mar.13;Oca.41;Þub.72
User 875;0.8;Oca.28;0.14;0.39;1.Haz;Oca.52;Mar.17;Þub.94;Oca.86;Þub.88
User 876;0.48;Oca.32;0.75;0.67;0.82;Oca.58;Mar.18;3.May;Oca.25;2.Nis
User 877;0.9;Oca.96;Oca.23;0.51;Oca.28;2.Haz;Mar.18;2.Tem;Oca.76;Þub.94
User 878;Oca.34;Oca.36;0.38;0.25;0.9;1.Mar;Mar.17;Þub.86;Oca.22;Mar.42
User 879;0.99;Oca.16;0.22;0.42;0.88;1.Tem;Mar.17;Þub.78;Oca.15;Mar.26
User 880;0.86;Oca.28;1.Eyl;0.54;Oca.26;Þub.58;Mar.18;Þub.87;Oca.25;3.Nis
User 881;0.67;Oca.28;0.35;0.42;0.74;Oca.88;Mar.18;Þub.85;Oca.82;Þub.66
User 882;0.38;Oca.52;0.14;0.39;0.96;Oca.14;Mar.17;Þub.49;Oca.76;3.Þub
User 883;0.96;Þub.96;0.74;0.47;0.96;2.Ara;Mar.18;Þub.86;Oca.44;Þub.64
User 884;0.58;1.Þub;2.May;0.71;0.5;Þub.28;Mar.19;Þub.66;Oca.66;2.Nis
User 885;Oca.18;Oca.48;0.78;0.47;1.Haz;Þub.89;Mar.18;Þub.75;1.Haz;Þub.62
User 886;0.9;1.Nis;Þub.45;0.64;0.82;Oca.56;3.Þub;2.Eyl;1.Haz;Þub.56
User 887;0.7;Oca.28;0.38;0.51;0.78;Oca.34;Mar.18;Þub.74;Oca.92;3.Þub
User 888;0.58;Oca.68;0.82;0.41;0.18;1.Þub;Mar.18;Þub.81;Oca.66;3.Ara
User 889;1.May;2.Haz;Oca.33;0.95;0.72;Þub.42;Mar.19;Þub.66;1.Ara;Þub.46
User 890;0.83;1.Haz;0.18;0.48;0.24;0.8;Mar.18;Þub.57;1.Haz;Þub.82
User 891;0.7;1.Nis;0.88;0.62;0.98;Þub.44;Mar.18;Þub.74;1.Haz;Þub.74
User 892;1.Þub;Oca.68;0.21;0.53;0.38;Þub.48;Mar.18;Þub.74;Oca.54;Þub.56
User 893;0.77;Oca.64;Þub.85;0.53;1.Nis;Oca.94;3.Þub;Þub.95;Oca.25;Þub.32
User 894;0.48;Oca.96;0.18;0.55;0.56;1.Mar;Mar.18;Þub.83;Oca.54;Þub.46
User 895;0.51;Oca.76;0.22;0.49;0.66;Oca.46;Mar.18;Þub.77;2.Nis;Þub.74
User 896;0.8;0.96;0.29;0.61;0.16;Oca.62;Mar.18;Þub.87;Þub.24;3.Nis
User 897;1.Eyl;0.72;1.Þub;0.94;Oca.26;3.Þub;Mar.19;3.Nis;Oca.54;Þub.46
User 898;1.Þub;1.Nis;0.74;0.35;0.7;1.Haz;Mar.18;3.Þub;Þub.34;Mar.34
User 899;0.8;1.Aðu;0.75;0.35;0.82;Oca.22;Mar.18;Þub.67;1.Haz;3.Þub
User 900;0.54;Oca.36;1.Þub;0.48;0.42;Oca.48;Mar.18;Þub.66;Oca.28;Þub.88
User 901;1.Ara;Oca.28;Oca.44;0.37;0.78;1.May;Mar.18;Þub.78;2.Aðu;Mar.44
User 902;0.67;1.Nis;Þub.32;0.55;0.94;Þub.38;Mar.19;Þub.71;1.May;Þub.38
User 903;Oca.22;0.72;Oca.18;1.Eyl;0.74;2.Haz;Mar.19;Mar.14;Þub.27;Þub.46
User 904;0.67;Þub.88;0.26;Oca.91;Oca.74;1.Haz;Mar.18;Þub.64;Oca.63;Þub.46
User 905;0.7;1.Nis;Oca.47;0.31;0.98;Oca.62;Mar.18;Þub.72;1.Eyl;Mar.34
User 906;Oca.79;0.6;1.Haz;0.42;1.Þub;2.Oca;Mar.19;Þub.91;Oca.66;2.May
User 907;0.7;Oca.68;0.3;0.59;0.26;Oca.16;Mar.18;Þub.94;Oca.57;Mar.14
User 908;0.77;Oca.64;Þub.85;0.53;1.Nis;Oca.94;3.Þub;Þub.95;Oca.25;Þub.32
User 909;0.51;1.Þub;1.Tem;0.49;Oca.14;2.Nis;Mar.18;Mar.22;Oca.47;Þub.82
User 910;0.74;1.Nis;1.Oca;0.34;1.Þub;Oca.54;Mar.18;Þub.49;Oca.73;Þub.94
User 911;0.83;Oca.36;0.21;0.53;0.16;0.38;Mar.18;Þub.93;2.Þub;Þub.78
User 912;0.9;Oca.24;Oca.15;0.46;Oca.26;Þub.24;Mar.18;Þub.93;Oca.82;Þub.82
User 913;Oca.15;0.96;0.29;0.29;0.86;Oca.36;Mar.17;Þub.97;Oca.89;Mar.42
User 914;0.7;Oca.52;Oca.65;0.67;0.74;Oca.32;Mar.19;Þub.78;1.May;Þub.66
User 915;0.42;1.Aðu;0.74;0.91;0.9;2.Mar;Mar.18;Þub.87;Oca.25;Þub.96
User 916;0.7;1.Aðu;Mar.62;Oca.37;Oca.46;Oca.62;Mar.19;Þub.75;1.Ara;Mar.42
User 917;0.77;1.Þub;Oca.63;0.8;Oca.18;Þub.38;Mar.19;Þub.54;Oca.47;Þub.38
User 918;0.77;Oca.28;1.Oca;0.34;0.9;Oca.72;Mar.18;Mar.13;Oca.31;Þub.78
User 919;0.93;1.Aðu;0.27;0.27;0.34;1.Þub;Mar.17;Þub.86;Oca.63;Mar.36
User 920;0.61;Oca.28;0.59;0.47;0.7;1.Þub;Mar.18;Þub.58;Oca.82;2.Aðu
User 921;Oca.25;Oca.36;1.Haz;0.64;0.94;Þub.38;Mar.19;2.Eyl;Oca.92;Þub.72
User 922;Oca.18;Oca.32;0.19;0.32;0.34;1.Aðu;Mar.17;Þub.99;Oca.22;3.Ara
User 923;1.Haz;0.88;0.83;0.54;0.64;2.Þub;Mar.18;Þub.86;1.May;Þub.74
User 924;0.9;Oca.36;Oca.42;0.55;0.86;Oca.48;Mar.18;Þub.89;Oca.73;Þub.94
User 925;0.74;Oca.44;Þub.75;0.45;0.98;Oca.74;3.Þub;Þub.87;Oca.38;Þub.34
User 926;0.83;Oca.36;2.Mar;0.77;0.94;Þub.52;Mar.19;Þub.73;1.Tem;Þub.42
User 927;0.77;Þub.48;1.Tem;0.51;Oca.36;2.Nis;Mar.19;Þub.81;Oca.41;Þub.34
User 928;0.99;1.Þub;0.14;0.51;0.42;Oca.46;Mar.18;Þub.62;Oca.25;2.Tem
User 929;0.64;Oca.32;0.27;0.57;0.74;Þub.38;Mar.18;Þub.81;Oca.38;2.Nis
User 930;0.83;Oca.24;0.35;0.5;0.78;1.Tem;Mar.18;Þub.97;2.May;2.Eyl
User 931;1.Ara;1.Haz;1.Oca;0.45;0.94;Þub.16;Mar.18;2.Aðu;1.Eyl;Mar.18
User 932;0.83;1.Aðu;Þub.91;0.55;Oca.38;Þub.24;3.Þub;Þub.98;Oca.41;2.May
User 933;0.9;1.Þub;Oca.33;0.3;0.98;1.May;Mar.18;Þub.66;Oca.22;Mar.28
User 934;0.67;1.Ara;0.43;0.39;0.62;Oca.48;Mar.18;Þub.98;2.May;Þub.72
User 935;0.61;Oca.16;0.19;0.53;0.78;Oca.22;Mar.17;Þub.86;1.Tem;3.Þub
User 936;0.64;1.Aðu;Oca.54;0.42;0.5;1.Nis;Mar.18;2.Tem;Oca.18;2.Aðu
User 937;0.83;0.96;Oca.15;0.43;0.74;Oca.82;Mar.18;Þub.98;Oca.92;Þub.78
User 938;0.9;Oca.64;1.Ara;0.53;Oca.58;Þub.58;Mar.18;Þub.79;Oca.54;2.May
User 939;0.8;Oca.52;Oca.26;0.51;Oca.44;Þub.78;Mar.18;Þub.82;Oca.47;Þub.42
User 940;0.74;1.Þub;Oca.14;0.42;Oca.68;Mar.14;Mar.18;Þub.72;1.Eyl;Þub.46
User 941;Oca.22;1;Oca.57;0.46;0.74;Þub.54;Mar.19;Þub.91;Oca.95;Þub.46
User 942;0.35;Oca.96;0.72;0.55;0.72;Oca.78;Mar.18;Þub.88;Oca.34;Þub.82
User 943;0.7;1.Aðu;Þub.27;0.43;Oca.42;Oca.88;3.Þub;2.Tem;Oca.47;Þub.46
User 944;0.64;Oca.68;0.24;0.47;0.94;Oca.66;Mar.18;Þub.77;Oca.57;3.Nis
User 945;0.67;Oca.48;0.4;0.55;Oca.86;Oca.84;Mar.18;Þub.96;2.Nis;3.Nis
User 946;0.58;0.88;0.24;0.49;1.Þub;2.Haz;Mar.18;Þub.83;Oca.54;Þub.72
User 947;Oca.15;Oca.48;0.77;0.22;1.Nis;Oca.52;Mar.17;Þub.74;Oca.57;Mar.38
User 948;0.54;Oca.28;0.24;0.57;0.46;Oca.34;Mar.18;Þub.79;Oca.86;Þub.54
User 949;0.93;2.Ara;0.27;0.46;1.Oca;Þub.56;Mar.18;2.Eyl;Oca.89;Þub.78
User 950;0.83;Oca.72;Oca.42;0.95;Oca.34;Þub.28;Mar.19;Þub.54;1.Haz;2.Nis
User 951;0.64;Oca.28;0.8;0.18;0.82;Oca.34;Mar.18;Þub.66;Oca.25;Þub.94
User 952;1.Haz;0.96;Þub.57;0.51;0.82;Oca.96;Mar.19;Þub.74;Oca.66;Þub.46
User 953;0.93;2.Aðu;Oca.26;0.56;0.94;Þub.56;Mar.18;Þub.81;Oca.63;Þub.54
User 954;Oca.87;0.8;Oca.66;0.98;0.46;Oca.26;Mar.19;Þub.78;Oca.28;2.May
User 955;Oca.25;0.84;Oca.71;1.Ara;0.34;Oca.22;Mar.19;2.Tem;1.May;Þub.48
User 956;0.61;1.Aðu;Þub.22;0.65;1.Þub;2.Haz;Mar.19;Þub.62;Oca.31;Þub.34
User 957;0.86;1.Aðu;Oca.33;0.57;Oca.38;Þub.62;Mar.18;Þub.82;Oca.54;Þub.54
User 958;Oca.34;Oca.16;0.66;0.34;0.82;Oca.34;Mar.17;Þub.66;1.Þub;Mar.42
User 959;0.61;Oca.44;0.3;0.4;0.8;Oca.28;Mar.18;2.Aðu;Oca.73;Þub.88
User 960;Oca.41;1.Nis;0.32;0.62;0.54;2.Nis;Mar.18;Mar.18;Oca.82;Þub.66
User 961;0.58;Oca.24;Oca.95;0.61;Oca.22;Oca.86;Mar.19;Þub.72;1.Tem;Þub.38
User 962;0.85;1.Ara;1.Oca;0.41;Oca.22;2;Mar.18;Þub.98;Oca.41;Þub.88
User 963;0.61;1.Nis;0.24;0.42;0.98;Oca.42;Mar.17;Þub.82;Þub.18;3.Þub
User 964;0.96;Oca.16;2.Tem;0.62;0.62;1.Aðu;3.Þub;Þub.81;Oca.22;2.Nis
User 965;Oca.25;Oca.24;0.43;0.62;0.72;2.Tem;Mar.18;3.Tem;Oca.82;2.Aðu
User 966;0.64;0.96;0.22;0.38;Oca.74;Þub.26;Mar.17;Mar.19;Oca.79;Mar.28
User 967;0.91;Oca.96;Oca.82;0.4;Oca.52;Oca.82;Mar.19;Þub.74;Oca.73;Þub.38
User 968;0.74;Oca.36;0.64;0.54;0.64;1.Tem;Mar.18;Þub.85;Oca.66;Þub.58
User 969;0.51;1.Þub;0.22;0.73;0.9;Þub.22;Mar.18;Þub.77;Oca.34;3.May
User 970;0.8;Oca.32;0.4;0.61;0.32;0.96;Mar.18;Þub.57;Oca.54;Þub.54
User 971;0.58;Oca.96;0.24;0.47;1.Nis;Oca.74;Mar.18;2.Tem;Oca.57;Þub.62
User 972;Oca.28;Oca.24;0.14;0.55;0.62;Þub.26;Mar.18;Þub.86;Þub.46;Þub.54
User 973;Oca.22;Oca.16;0.38;Oca.55;0.4;Oca.24;Mar.18;Þub.82;Oca.92;Þub.54
User 974;0.38;Oca.96;0.19;0.48;Oca.14;Þub.14;Mar.18;Þub.78;Oca.54;Þub.58
User 975;1.Þub;Þub.44;Oca.89;0.47;Oca.76;2.May;Mar.19;Þub.66;Oca.73;Þub.48
User 976;0.74;1.Ara;0.3;0.53;0.88;Oca.38;Mar.17;Þub.78;0.99;3.Þub
User 977;Oca.25;0.92;1.Ara;0.38;0.78;Oca.68;Mar.18;Þub.79;Oca.34;2.Aðu
User 978;0.61;Oca.32;0.67;0.43;1.Mar;Oca.78;Mar.17;Þub.81;Oca.34;3.Þub
User 979;0.93;0.2;0.13;0.43;0.3;0.4;Mar.18;Þub.98;1.Ara;Þub.46
User 980;0.93;0.56;Oca.13;0.51;Oca.34;Þub.36;Mar.18;Þub.87;Oca.34;2.Nis
